Name,Price,Profession,Normalized
Philips K264,7.5,"Engineer, Executive",0.011937511041566767
Philips SPT6324 Black,9.99,Doctor,0.018221739898543775
Philips SPT6224 Black,8.93,Marketing,0.015546526007621835
Logitech MX Keys,106.44,"Entertainment, Healthcare",0.26164096610554477
Powertech PT-677,3.99,Lawyer,0.0030790197612497795
Logitech Wireless Combo MK220,23.0,"Marketing, Executive",0.051056204729576254
Logitech K120,10.14,Marketing,0.018600307901976126
Logitech MK850 Performance,109.99,Healthcare,0.2706004088534437
Powertech PT-913,14.82,"Executive, Engineer",0.030411629609065443
Philips SPT6354,10.41,Entertainment,0.019281730308154357
Element KB-750W,5.26,Entertainment,0.006284228856977008
Microsoft Sculpt Comfort Desktop,47.99,"Engineer, Marketing",0.11412563410140573
Dell KM717 Premier,81.34,Marketing,0.19829392019786488
Powertech PT-678,7.02,Artist,0.010726093430583247
Philips SPK6214 Black,6.89,"Lawyer, Healthcare",0.010398001160941875
Logitech Wireless Combo MK270,27.99,Artist,0.06364990031042576
Dell KB-522,17.35,Artist,0.036796809933624414
Microsoft Wireless Desktop 900,40.85,Marketing,0.09610579713802589
Conceptum KBW03,13.48,"Doctor, Lawyer",0.027029755445069782
Powertech PT-915,13.18,"Artist, Lawyer",0.02627261943820508
Microsoft All-in-One Media Keyboard,34.89,"Executive, Homemaker",0.08106402846831384
NOD KBD-004,5.8,"Healthcare, Homemaker",0.007647073669333467
Apple Magic Keyboard,104.87,Homemaker,0.25767862100295286
Riitek Rii i4,27.0,Artist,0.06115135148777225
Element KB-255WMS,8.9,"Executive, Homemaker",0.015470812406935368
Powertech PT-914,13.95,Marketing,0.028215935189157812
Factory QY-K07,9.9,Lawyer,0.017994599096484366
Powertech PT-696,13.27,"Entertainment, Homemaker",0.026499760240264493
Philips SPT6103,22.0,"Engineer, Lawyer",0.04853241804002725
Philips SPT6234,7.91,"Artist, Healthcare",0.012972263584281857
Riitek i8,17.5,"Executive, Homemaker",0.03717537793705676
Microsoft Wireless Desktop 850,32.9,Engineer,0.07604169295611134
A4Tech F1010,14.0,"Artist, Executive",0.028342124523635263
Philips SPT6214 Black,10.36,Homemaker,0.019155540973676905
MediaRange MROS105,15.87,"Homemaker, Healthcare",0.033061605633091885
Powertech PT-302,5.9,Executive,0.007899452338288369
Dell KB216 Black,10.0,Homemaker,0.018246977765439265
Logitech K400 Plus Black,33.9,"Homemaker, Marketing",0.07856547964566034
HP Pavilion Wireless Keyboard and Mouse 800 Black,44.9,"Marketing, Executive",0.10632713323069932
HP Pavilion Wireless Keyboard and Mouse 800 White,44.9,Doctor,0.10632713323069932
Logitech K380 Grey,44.0,"Artist, Entertainment",0.10405572521010523
Logitech K480 Black,47.99,"Artist, Homemaker",0.11412563410140573
Apple Magic Keyboard with Numeric Keypad White,135.95,Marketing,0.33611791131413565
Alcatroz Xplorer Dock 2 BT Green,34.6,"Doctor, Engineer",0.08033213032834464
Dell KM636 Black,24.75,Artist,0.05547283143628701
Dell KB216 White,12.9,Lawyer,0.025565959165131363
HP Pavilion 600 Black,32.9,Executive,0.07604169295611134
Apple Magic Keyboard with Numeric Keypad Black,162.9,"Healthcare, Executive",0.40413396259748124
Logitech Illuminated Keyboard K740,88.1,"Lawyer, Executive",0.2153547182192161
A4Tech Fstyler Sleek FK10,9.7,Doctor,0.017489841758574563
Trust Ziva Multimedia,8.29,"Entertainment, Executive",0.013931302526310474
A4Tech FG1010,19.0,Lawyer,0.040961057971380256
Lamtech LAM081710,7.18,"Engineer, Artist",0.011129899300911086
Wireless QWERTY Keyboard Black,10.96,"Entertainment, Marketing",0.020669812987406305
MediaRange Multimedia,7.6,"Homemaker, Healthcare",0.012189889710521666
Riitek Mini k18+,37.9,Marketing,0.08866062640385633
Logitech Desktop MK120,14.21,"Executive, Homemaker",0.028872119728440553
Logitech Wireless Combo MK235,20.23,"Entertainment, Homemaker",0.04406531559952553
Ultra Thin Slim Mini Bluetooth 3.0,9.52,Entertainment,0.017035560154455745
Riitek mini X1,19.9,Artist,0.043232465991974355
Element KB-145UMS,7.5,"Healthcare, Marketing",0.011937511041566767
HP Pavilion 400,26.37,"Homemaker, Entertainment",0.059561365873356385
Riitek Rii i8X,27.0,"Marketing, Doctor",0.06115135148777225
Logitech Craft Wireless Keyboard,196.8,"Engineer, Marketing",0.48969033137319234
i8 Black,7.5,"Homemaker, Healthcare",0.011937511041566767
Logitech K780 Multi-Device,99.99,Executive,0.2453625419579537
Defender HM-430,6.16,"Doctor, Healthcare",0.008555636877571108
Riitek Rii mini i8+ Black,26.9,Healthcare,0.06089897281881735
Microsoft Wireless Comfort Desktop 5050,59.87,"Doctor, Engineer",0.14410821997324785
Keywin Mini Rii i8+,8.99,Homemaker,0.015697953208994777
Element KB-260WMS v2,12.9,Marketing,0.025565959165131363
Conceptum CBM502,7.22,Homemaker,0.011230850768493044
Nedis KBNM100BK,7.97,"Engineer, Marketing",0.013123690785654793
Element KB-145U,4.5,"Marketing, Artist",0.004366150972919768
Logitech MK540 Advanced,62.41,Homemaker,0.1505186381647023
Tracer Reef,6.75,Marketing,0.010044671024405016
Element KB-150UMS v2.0,8.8,Engineer,0.015218433737980468
NOD Valuepro KMS-002,8.9,"Artist, Engineer",0.015470812406935368
HP Pavilion 300,22.05,"Homemaker, Marketing",0.048658607374504705
Turbo-X MC 110 Red,12.9,"Artist, Healthcare",0.025565959165131363
Dell KM7120W,72.73,Doctor,0.176564116800848
Microsoft Desktop 600 for Business,22.99,Executive,0.051030966862680764
Element KB-800W,19.5,"Artist, Lawyer",0.04222295131615476
Element KB-150U v2.0,8.9,Doctor,0.015470812406935368
Microsoft Wireless Desktop 3050,49.3,Executive,0.11743179466471491
Natec NKL-0968,26.3,Lawyer,0.05938470080508795
Alcatroz Xplorer Dock 2 BT White,34.67,Engineer,0.08050879539661308
Microsoft Surface Go Signature Type Cover Black,102.05,"Marketing, Homemaker",0.25056154253842466
Logitech K400 Plus White,39.5,Homemaker,0.09269868510713473
Microsoft Wired Keyboard 600 White,13.95,Marketing,0.028215935189157812
Mobilis Retro Black,27.14,Engineer,0.06150468162430911
Logitech MK470 White,46.7,"Engineer, Marketing",0.11086994927188754
Logitech MK470 Graphite,46.93,Artist,0.11145042021048379
Mobilis RK908 Gold,23.9,Artist,0.05332761275017035
Dell KM636 White,29.9,Artist,0.06847033288746435
Logitech K380 Pink,49.9,Engineer,0.11894606667844432
Trust Muto Silent,10.48,Healthcare,0.019458395376422785
HAMA Cortino Wireless,24.9,Marketing,0.05585139943971935
Ασύρματο mini Qwerty Πληκτρολόγιο Μαύρο,10.56,Doctor,0.019660298311586707
Trust Nado,22.6,"Executive, Lawyer",0.05004669005375666
NOD W-KMS-103,14.9,"Lawyer, Healthcare",0.030613532544229362
DAS Keyboard 4 Professional,166.8,"Marketing, Lawyer",0.41397673068672236
i8+ Backlit,9.82,"Executive, Doctor",0.017792696161320447
Logitech MK240 Nano Black,24.5,Homemaker,0.054841884763899756
HP Premium,67.8,"Marketing, Healthcare",0.16412184842137142
Microsoft Wired Desktop 600,22.25,Entertainment,0.0491633647124145
Logitech K375s Multi-Device,39.32,Entertainment,0.09224440350301591
HAMA Cortino,13.27,Engineer,0.026499760240264493
Lamtech LAM021295,8.26,Artist,0.013855588925624007
C120,8.74,"Doctor, Entertainment",0.015067006536607527
Logitech K600 TV,99.99,Healthcare,0.2453625419579537
Logitech Wireless Combo MK330,38.0,Artist,0.08891300507281123
HP K2500,19.7,Artist,0.042727708654064556
Rebeltec Millenium,15.0,"Healthcare, Lawyer",0.03086591121318426
Conceptum CB402 Black,5.17,Artist,0.006057088054917598
Lamtech LAM020854,14.4,"Doctor, Executive",0.02935163919945486
Trust Nova,16.5,"Artist, Engineer",0.03465159124750776
i8 Backlit,10.86,"Doctor, Lawyer",0.020417434318451402
Logitech K400 Professional Wireless Touch Keyboard,32.0,"Doctor, Artist",0.07377028493551725
Microsoft Wireless Sculpt Ergonomic Desktop & Mouse,100.8,"Executive, Homemaker",0.24740680917648838
Riitek Rii K12+,34.0,"Engineer, Entertainment",0.07881785831461524
Logitech K360 Black,35.0,"Homemaker, Engineer",0.08134164500416424
HP Slim Wireless Keyboard and Mouse,39.51,"Doctor, Executive",0.09272392297403022
Logitech Wireless Illuminated Keyboard K800,99.99,Engineer,0.2453625419579537
Conceptum CB401,6.2,"Homemaker, Healthcare",0.008656588345153067
Rebeltec Inspire,7.38,"Healthcare, Entertainment",0.011634656638820885
Microsoft Designer Bluetooth Desktop,83.75,Homemaker,0.20437624611967797
Marvo DCM001,15.7,Homemaker,0.03263256189586856
Lenovo Wireless Keyboard and Mouse Combo,47.5,"Entertainment, Doctor",0.11288897862352673
Keywin RL-GK03 Black,10.78,"Lawyer, Doctor",0.020215531383287483
Logitech Wireless Desktop MK710,90.9,"Marketing, Lawyer",0.22242132094995332
Rebeltec Whiterun Set,17.5,Homemaker,0.03717537793705676
Natec NZB-1440,13.76,"Homemaker, Doctor",0.027736415718143503
Lenovo Preferred Pro II,30.79,Executive,0.07071650304116296
Lenovo Professional Wireless Keyboard,35.1,Healthcare,0.08159402367311915
Marvo DKB001,4.4,"Engineer, Executive",0.00411377230396487
Weibo WB-8012,13.79,Artist,0.02781212931882997
Microsoft Wired Keyboard 600 Black,13.5,"Executive, Healthcare",0.027080231178860763
Xiaomi MIIIW MWBK01 White,57.9,Entertainment,0.13913636019483633
Mobilis RK908 Silver,25.5,Marketing,0.05736567145344875
HP Pavilion 600 White,32.59,Homemaker,0.07525931908235117
Xiaomi MIIIW Black,31.55,"Entertainment, Engineer",0.0726345809252202
Microsoft Surface Pro Signature Type Cover Alcantara Burgundy,174.51,Artist,0.43343512606314505
Logitech K480 White,48.0,"Lawyer, Doctor",0.11415087196830123
Microsoft Surface Pro X,120.0,"Artist, Entertainment",0.2958635136158292
Rebeltec Primero,5.3,Homemaker,0.006385180324558967
Logitech MX900 Performance Combo,178.73,Marketing,0.44408550589304185
Natec Tetra Black/Grey,20.63,Entertainment,0.045074830275345125
Defender HB 520,5.54,Entertainment,0.006990889130050728
Defender HB 260,7.17,Artist,0.011104661434015598
HP C2710 Combo White,28.9,"Doctor, Healthcare",0.06594654619791535
Conceptum KBW02,16.49,"Engineer, Healthcare",0.03462635338061227
Andowl Q-813,5.69,Healthcare,0.007369457133483079
Marvo DKB002,5.8,Lawyer,0.007647073669333467
Logitech Comfort Wave MK570,105.0,Executive,0.2580067132725942
Silicone Keyboard Μαύρο,8.8,"Executive, Marketing",0.015218433737980468
Microsoft Bluetooth Desktop,51.55,Doctor,0.12311031471620017
Σετ Ασύρματο Πληκτρολόγιο και Ασύρματο Οπτικό Ποντίκι SPM R175750,39.95,Doctor,0.09383438911743179
Gembird KPD-UT-01,6.74,Doctor,0.010019433157509527
Approx MK210,6.0,"Engineer, Healthcare",0.008151831007243267
Havit XL-KB006,17.99,"Doctor, Artist",0.038412033414935765
Approx KBVLV5,6.39,"Engineer, Artist",0.009136107816167376
Natec Flameback,3.27,"Engineer, Artist",0.0012618933447744996
Powertech PT-189,14.89,"Artist, Marketing",0.03058829467733387
Esperanza EK116,5.55,Engineer,0.0070161269969462176
NOD ValuePro Wireless W-KMS-102,14.9,Homemaker,0.030613532544229362
NOD W-KMS-101,14.9,Marketing,0.030613532544229362
Q-812 Black,23.0,Healthcare,0.051056204729576254
Trust Classicline Keyboard New,8.88,"Lawyer, Engineer",0.015420336673144389
Microsoft Bluetooth Keyboard,46.06,"Lawyer, Doctor",0.10925472579057617
Microsoft Type Cover 2 Purple,29.9,Executive,0.06847033288746435
Wesdar V2,7.2,Executive,0.011180375034702065
Logitech MX KEYS for Mac,109.99,Homemaker,0.2706004088534437
uGo Askja K110,4.1,"Marketing, Artist",0.003356636297100168
Omega OK05TGR,5.45,Executive,0.006763748327991318
Media-Tech MT122K-US,8.05,"Engineer, Healthcare",0.013325593720818719
uGo Askja K140,2.79,"Marketing, Doctor",5.0475733790980026e-05
Alcatroz Jellybean U2000 White/Mint,11.04,Executive,0.02087171592257022
Microsoft Surface Go Signature Type Cover Ice Blue,113.0,Healthcare,0.2781970067889862
Alcatroz U2000 Black,11.04,"Artist, Engineer",0.02087171592257022
Natec Discus White,7.31,Entertainment,0.011457991570552455
Alcatroz Jellybean U2000 White,11.04,Doctor,0.02087171592257022
Alcatroz Xplorer Go BT100 Black,13.7,Marketing,0.02758498851677056
Alcatroz Airpad 1 Black,21.4,"Lawyer, Homemaker",0.04701814602629785
Alcatroz Airpad 1 White,21.07,"Marketing, Entertainment",0.046185296418746684
Alcatroz Jellybean U2000 Peach,11.04,"Healthcare, Engineer",0.02087171592257022
Logitech K380 Off-White,44.85,Healthcare,0.10620094389622188
Microsoft Surface Go Signature Type Cover,119.0,Artist,0.2933397269262802
Alcatroz Xplorer Go BT100,13.98,Lawyer,0.028291648789844283
Microsoft Surface Pro Signature Type Cover Ice Blue,139.0,Doctor,0.34381546071726016
Xiaomi MIIIW White,31.55,Executive,0.0726345809252202
Alcatroz Jellybean U2000 Black/Red,11.04,"Entertainment, Healthcare",0.02087171592257022
Xiaomi Wireless Keyboard And Mouse Set,28.9,Artist,0.06594654619791535
Element KB-150U,7.0,"Homemaker, Engineer",0.010675617696792268
Touchglobal K06,17.0,Entertainment,0.03591348459228226
XtremeMac Bluetooth Numpad Calculator,69.23,Entertainment,0.16773086338742652
Alcatroz Jellybean A2000 Mint,18.2,"Executive, Healthcare",0.038942028619741054
Andowl QY-K08,16.9,Healthcare,0.03566110592332736
Titanum TK109,8.01,"Doctor, Engineer",0.013224642253236756
Viboton i8 Plus,16.7,"Entertainment, Lawyer",0.03515634858541756
Andowl QY-K01 White,14.9,"Artist, Homemaker",0.030613532544229362
Matias Wired Aluminum Tenkeyless Keyboard for Mac Silver,46.99,"Engineer, Entertainment",0.11160184741185675
KeySonic ACK-595C+,36.0,"Entertainment, Artist",0.08386543169371323
Matias Wireless Aluminum Keyboard Space Gray,82.84,"Lawyer, Engineer",0.20207960023218838
Tracer Octavia II Nano,13.02,Homemaker,0.025868813567877243
Trust Classicline Wired Keyboard and Mouse,13.67,Doctor,0.02750927491608409
Logic LK-12,4.27,"Engineer, Entertainment",0.0037856800343234976
DAS Keyboard 4 Professional for Mac,149.68,"Homemaker, Executive",0.3707695025616435
Matias Wired Aluminum Keyboard for Mac Space Gray,60.54,Entertainment,0.14579915705524568
Silicone Keyboard Ροζ,9.0,"Entertainment, Executive",0.015723191075890267
Andowl QY-K01,9.7,"Homemaker, Marketing",0.017489841758574563
Universal Foldable Silver,21.2,Lawyer,0.04651338868838806
Lenovo Professional Wireless Keyboard and Mouse Combo,52.8,"Artist, Homemaker",0.1262650480781364
Powertech PT-680,17.7,"Executive, Artist",0.03768013527496656
KeySonic ACK-3401U,26.68,Healthcare,0.06034373974711657
Microsoft Ergonomic Keyboard,95.0,"Executive, Homemaker",0.2327688463771042
Wireless QWERTY Keyboard White,10.97,"Homemaker, Marketing",0.020695050854301796
Q-812 Silver,23.0,Homemaker,0.051056204729576254
ANG R4,29.99,Healthcare,0.06869747368952375
Mixie X70,8.9,"Doctor, Lawyer",0.015470812406935368
Esperanza Memphis,4.95,"Lawyer, Marketing",0.005501854983216818
Riitek K22,32.93,Lawyer,0.07611740655679781
Rebeltec Simplo,8.09,"Homemaker, Marketing",0.013426545188400677
Gembird KPD-U-02,6.9,Artist,0.010423239027837369
Blow BK105,33.9,Lawyer,0.07856547964566034
Lamtech LAM622185,12.99,"Artist, Engineer",0.025793099967190772
Matias Wireless Multi-Pairing Keyboard for Mac,60.24,Artist,0.145042021048381
Ezra AM01,10.9,Lawyer,0.020518385786033367
Microsoft Surface Go Type Cover,113.0,"Engineer, Marketing",0.2781970067889862
Turbo-X Miro,19.9,"Lawyer, Healthcare",0.043232465991974355
Lenovo Professional Ultraslim Wireless,84.0,"Lawyer, Marketing",0.20500719279206522
Mini Bluetooth Magnetic Foldable Black,30.69,Artist,0.07046412437220806
Tellur Wireless Keyboard And Mouse Kit,19.9,Executive,0.043232465991974355
Turbo-X DWLC 9100,22.9,"Artist, Homemaker",0.05080382606062135
Turbo-X DW-1000,14.9,"Lawyer, Engineer",0.030613532544229362
Logitech Combo MK345,59.0,"Executive, Doctor",0.14191252555334022
Tellur Wired Keyboard,9.9,"Healthcare, Doctor",0.017994599096484366
Mobilis Retro Red,26.49,"Doctor, Entertainment",0.059864220276102255
R-Horse RF-8801 Silver,18.4,"Homemaker, Engineer",0.03944678595765085
Dell KB216 Grey,10.87,Healthcare,0.020442672185346893
Turbo-X SMRT-400,24.9,"Marketing, Healthcare",0.05585139943971935
Esperanza Akron TK109,8.9,Executive,0.015470812406935368
UKB-500 Keyboard,13.9,"Entertainment, Executive",0.028089745854680364
Turbo-X T 400,29.9,"Entertainment, Marketing",0.06847033288746435
Turbo-X DWC 8000,17.9,Homemaker,0.03818489261287636
1Life kb:kit,12.08,"Marketing, Entertainment",0.023496454079701183
Universal Foldable Rose Gold,23.98,Engineer,0.053529515685334275
Remax Jinyin MK601,29.9,"Executive, Engineer",0.06847033288746435
Turbo-X DWLC 6100,17.9,Doctor,0.03818489261287636
Viboton i8 Plus Mini,14.9,"Homemaker, Doctor",0.030613532544229362
Rebeltec Vortex,14.4,"Healthcare, Homemaker",0.02935163919945486
Omega OKM071B,12.0,"Executive, Engineer",0.023294551144537264
Matias RGB Backlit Wired Aluminum Tenkeyless Keyboard for Mac Space Gray,80.22,"Doctor, Engineer",0.19546727910557
Turbo-X MC 110 Blue,17.9,"Homemaker, Marketing",0.03818489261287636
Turbo-X MC 110,17.9,Entertainment,0.03818489261287636
Logickeyboard Cubase Nuendo Astra,144.0,Healthcare,0.3564343941650051
Turbo-X DW-800,9.9,Artist,0.017994599096484366
Turbo-X DWC 6000,14.9,"Healthcare, Lawyer",0.030613532544229362
Turbo-X DW-600,11.9,Executive,0.023042172475582365
Matias Wireless Aluminum Tenkeyless Keyboard Silver,75.68,"Homemaker, Lawyer",0.18400928753501755
Logickeyboard Adobe Photographer PC ASTRA Backlit Keyboard,144.0,"Doctor, Entertainment",0.3564343941650051
Art AK-46U,7.94,Executive,0.013047977184968326
Microsoft Surface Keyboard,149.0,"Artist, Engineer",0.3690533276127501
Andowl Q-811,14.3,Doctor,0.029099260530499965
Esperanza TKR101,6.0,Doctor,0.008151831007243267
uGo Etna CW110,7.73,"Doctor, Artist",0.012517981980163038
Motospeed S102,15.0,"Lawyer, Marketing",0.03086591121318426
Yenkee YKM 2007CS,39.0,"Doctor, Marketing",0.09143679176236023
Omoton Ultra-Slim Bluetooth Keyboard,39.0,"Lawyer, Entertainment",0.09143679176236023
NGS Wired Set Cocoa Kit,24.4,Doctor,0.054589506094944854
Yenkee YKB 1002CS,10.0,Homemaker,0.018246977765439265
Blow KP-106 Black,11.9,"Entertainment, Engineer",0.023042172475582365
Q-Tech KBQ-2030,12.9,"Entertainment, Executive",0.025565959165131363
Logickeyboard Davinci Resolve 14 Astra,98.0,"Homemaker, Doctor",0.24034020644575121
Riitek Rii K16,115.0,Homemaker,0.2832445801680842
Sandberg Wireless Numeric Keypad 2,16.9,Executive,0.03566110592332736
Riitek Rii RK901,29.0,Healthcare,0.06619892486687025
Logickeyboard Blackmagic Design DaVinci Resolve 16 Astra,144.0,Healthcare,0.3564343941650051
Logitech Wireless Keyboard K230,28.38,Doctor,0.06463417711934986
Zagg ZLTKBW-BB0,59.9,Lawyer,0.1441839335739343
Satechi Compact Backlit,79.99,Entertainment,0.1948868081669737
Savio KW-03,14.02,"Healthcare, Doctor",0.02839260025742624
Riitek Rii mini H9S,13.79,Healthcare,0.02781212931882997
Mobilis RK908 Black,31.5,"Lawyer, Doctor",0.07250839159074275
Gembird KB-BT-001 White,19.9,"Artist, Entertainment",0.043232465991974355
Esperanza EK130 Black,6.45,Engineer,0.009287535017540318
Microsoft Surface Pro Type Cover Black,133.21,"Marketing, Entertainment",0.32920273578477144
Microsoft Surface Pro Signature Type Cover Charcoal Grey,144.0,"Homemaker, Marketing",0.3564343941650051
Everest MVLGR-2,5.29,Doctor,0.006359942457663478
Blow KP-23,7.8,"Healthcare, Doctor",0.012694647048431464
Satechi Aluminum Bluetooth Keyboard Space Gray,79.9,"Healthcare, Engineer",0.19465966736491433
Weibo WB-560,14.3,Artist,0.029099260530499965
Rebeltec Vertex,16.7,Healthcare,0.03515634858541756
Andowl QY-K09,22.9,"Entertainment, Marketing",0.05080382606062135
Trust Vaia,27.67,"Marketing, Lawyer",0.06284228856977009
Belkin YourType Keyboard + Stand,37.9,"Artist, Engineer",0.08866062640385633
Macally Compact Space Gray USB Wired Keyboard,59.0,Entertainment,0.14191252555334022
Logickeyboard Adobe Photographer Astra for Mac,144.0,"Marketing, Entertainment",0.3564343941650051
Logickeyboard Adobe Filmmaker Astra for Mac,144.0,"Artist, Healthcare",0.3564343941650051
Das KeyBoard 4 Professional root,129.6,"Marketing, Healthcare",0.3200918658354996
Satechi Aluminum Wired USB Keyboard for Apple,69.9,Doctor,0.16942180046942434
Blow BK103,9.81,Entertainment,0.017767458294424956
Google Pixel Slate,199.0,"Entertainment, Lawyer",0.49524266209020007
Sandberg Bluetooth Numeric Keypad,39.7,Executive,0.09320344244504454
Yenkee YKM 2006US,22.9,Executive,0.05080382606062135
Riitek K12,29.9,Homemaker,0.06847033288746435
HP Slim USB Keyboard and Mouse,24.5,Entertainment,0.054841884763899756
Silicone Keyboard Λευκό,13.99,Homemaker,0.028316886656739773
A4Tech ComfortKey Desktop Black,10.5,Executive,0.019508871110213766
Azio Retro Classic USB Artisan Black/Gold,289.0,Executive,0.7223834641496101
Logickeyboard Avid Pro Tools FRZ,131.0,"Entertainment, Engineer",0.32362516720086815
Esperanza TK101,4.8,Executive,0.005123286979784468
HP Wireless Keyboard and Mouse 300,25.2,"Marketing, Executive",0.05660853544658405
Zagg Tri Fold,89.9,"Artist, Lawyer",0.21989753426040431
Conceptum KBW01 White,25.9,Healthcare,0.05837518612926835
Azio Retro Classic USB White/Gold,285.0,"Artist, Engineer",0.7122883173914141
Azio Retro Classic USB Elwood,279.0,"Artist, Homemaker",0.6971455972541201
Xcellon KW-A300B,49.0,"Engineer, Artist",0.11667465865785022
Microsoft Surface Pro X Signature,399.0,"Entertainment, Executive",1.0
Riitek Mini i15,38.36,Marketing,0.08982156828104887
Weibo WB-8011,16.2,Marketing,0.03389445524064306
Keywin RL-GK06,10.78,"Homemaker, Marketing",0.020215531383287483
Natec Swordfish,5.73,Marketing,0.0074704086010650384
Keywin GK300,12.03,Marketing,0.02337026474522373
NG KB-UM-104,7.4,"Artist, Healthcare",0.011685132372611868
Microsoft Surface Pro Signature Type Cover Alcantara Platinum,179.0,"Executive, Artist",0.4447669282992201
Logitech Wireless Solar Keyboard K750 White,89.0,Lawyer,0.2176261262398102
Natec Tetra Blue/White,28.5,"Engineer, Executive",0.06493703152209575
Modecom MC-5003 Art Barbie,3.9,Entertainment,0.002851878959190369
G-Cube Mad For Plaid Red,17.7,"Marketing, Doctor",0.03768013527496656
Roline Numeric Keyboard USB Black,10.78,Entertainment,0.020215531383287483
Microsoft Surface Pro Type Cover Alcantara Platinum,174.51,Lawyer,0.43343512606314505
LMP KB-1243 Grey,94.9,Executive,0.23251646770814932
Esperanza Silicone EK126K,6.43,"Homemaker, Artist",0.009237059283749337
Microsoft Surface Pro Signature Type Cover Poppy Red,179.0,Lawyer,0.4447669282992201
G-Cube Mad for Plaid Pink,28.5,"Entertainment, Doctor",0.06493703152209575
De Tech DE6090,6.9,"Healthcare, Entertainment",0.010423239027837369
Mobilis B033 White,34.48,"Doctor, Entertainment",0.08002927592559876
Esperanza EK134,4.08,"Healthcare, Engineer",0.003306160563309189
Advent ADESKWL19K,17.99,Healthcare,0.038412033414935765
Logitech Advanced Combo Wireless Keyboard and Mouse,59.9,Marketing,0.1441839335739343
Raspberry Pi Keyboard White,18.9,"Engineer, Doctor",0.04070867930242535
Promate SiriKeyboard,46.9,Marketing,0.11137470660979733
Alcatroz Jellybean U200 Mint,9.9,Entertainment,0.017994599096484366
Advent C112K,11.99,"Entertainment, Engineer",0.023269313277641774
BSL RMBSL-40RFT,30.9,"Engineer, Artist",0.07099411957701335
KeySonic KSK-5230,72.0,"Executive, Homemaker",0.17472175251747724
Tracer Luster,15.3,Marketing,0.03162304722004896
Omega OKB004B,25.0,Engineer,0.05610377810867425
Blow KP-112,8.99,Entertainment,0.015697953208994777
Mobilis Mini,5.42,"Healthcare, Executive",0.006688034727304847
LogiLink ID0184,5.43,Doctor,0.0067132725942003375
Active Jet K-3113,5.56,Artist,0.007041364863841707
Riitek Rii mini K12,33.5,"Lawyer, Engineer",0.07755596496984074
De Tech DE6084,6.81,Executive,0.010196098225777954
Active Jet K-3016 White Slim,5.56,"Healthcare, Engineer",0.007041364863841707
KB560,31.87,Entertainment,0.07344219266587589
Natec Goby,4.28,"Lawyer, Healthcare",0.0038109179012189892
Rapoo 8060,20.0,"Healthcare, Homemaker",0.04348484466092926
A4Tech KB-8A,8.91,Artist,0.015496050273830856
Lamtech LAM040830,8.63,"Doctor, Entertainment",0.014789390000757139
Sbox BT-05,13.45,Marketing,0.02695404184438331
Bitmore K200,7.24,Entertainment,0.011281326502284028
R-Horse FC-5166,17.0,Engineer,0.03591348459228226
Logickeyboard Logic Pro X - Mac Astra,144.0,"Doctor, Marketing",0.3564343941650051
Trust Ziva,8.89,"Entertainment, Healthcare",0.015445574540039878
Gembird KBS-WCH-01,12.56,Engineer,0.024707871690684703
OEM WB-8099,15.0,"Executive, Marketing",0.03086591121318426
Logickeyboard Pro Tools - Mac Astra,144.0,Lawyer,0.3564343941650051
Tracer Cinnabar RF,20.0,"Homemaker, Engineer",0.04348484466092926
Sandberg Wired Numeric Keypad,11.99,"Engineer, Lawyer",0.023269313277641774
Matias Wired Aluminium Mac Keyboard,60.54,Doctor,0.14579915705524568
Esperanza Retro,5.49,Doctor,0.006864699795573278
Tracer Maverick Black,4.1,Healthcare,0.003356636297100168
Trust ClassicLine,10.06,Executive,0.018398404966812207
HP USB Slim Business Keyboard,20.68,"Engineer, Doctor",0.045201019609822576
Qoltec Wireless Touchpad,31.9,"Homemaker, Executive",0.07351790626656235
Gembird KBS-WM-03,18.9,"Executive, Engineer",0.04070867930242535
A4Tech KR-92,8.42,Healthcare,0.014259394795951846
Lenovo 510,44.9,Healthcare,0.10632713323069932
Natec Discus Black,7.31,"Doctor, Marketing",0.011457991570552455
Esperanza EK122K,18.69,Homemaker,0.04017868409762007
R-Horse RF-8801 Gold,18.4,Healthcare,0.03944678595765085
Element KB-590WMS Red,19.9,Executive,0.043232465991974355
KeySonic KSK-3023,49.8,Lawyer,0.11869368800948941
Microsoft Surface Pro 3 Type Cover Purple,59.9,Healthcare,0.1441839335739343
Logickeyboard Bmd Davinci Resolve - Astra Mac,144.0,"Doctor, Engineer",0.3564343941650051
Logickeyboard Premiere Pro CC - PC Astra,142.0,Lawyer,0.3513868207859071
Logickeyboard Edius - PC Astra,142.0,"Marketing, Engineer",0.3513868207859071
Logickeyboard Vegas Pro - PC Astra,144.0,"Marketing, Homemaker",0.3564343941650051
Logickeyboard Cinema 4D - PC Astra,144.0,"Healthcare, Entertainment",0.3564343941650051
Logickeyboard Pro Tools - PC Astra,144.0,Doctor,0.3564343941650051
Logickeyboard Final Cut Pro X - Mac Astra,144.0,"Executive, Entertainment",0.3564343941650051
Logickeyboard Cinema 4D - Mac Astra,144.0,Homemaker,0.3564343941650051
Canyon Ultra slim keyboard with side LED lights,14.5,Healthcare,0.02960401786840976
Dell KM714,55.0,Artist,0.1318173787951442
Lamtech LAM622178,4.98,Entertainment,0.005577568583903289
Gembird KB-U-103,5.79,"Marketing, Homemaker",0.007621835802437978
Savio KW-02,13.86,Lawyer,0.0279887943870984
Gembird Numeric Keypad KPD-U-01,6.5,Entertainment,0.009413724352017767
HP Wireless Collaboration Keyboard,63.0,Artist,0.15200767231153622
Riitek RT725,44.0,"Engineer, Marketing",0.10405572521010523
Natec Barracuda Slim,12.0,"Entertainment, Engineer",0.023294551144537264
Riitek Rii i5,36.9,"Healthcare, Doctor",0.08613683971430733
HAMA Verano,9.3,"Lawyer, Executive",0.01648032708275497
Gembird KBS-W-01,16.9,"Homemaker, Lawyer",0.03566110592332736
Canyon Classic Wired Combo Set,19.99,Artist,0.04345960679403376
Lamtech LAM021288,13.27,Marketing,0.026499760240264493
HP K1500,9.88,"Artist, Homemaker",0.01794412336269339
Genius KB 110,7.7,"Homemaker, Lawyer",0.012442268379476566
HP Wireless Slim Business Keyboard,57.0,"Lawyer, Doctor",0.13686495217424222
Natec Trout Slim,3.49,Lawyer,0.00181712641647528
Powertech PT-185,12.88,Artist,0.025515483431340386
HP Wireless Premium,77.8,"Engineer, Homemaker",0.1893597153168614
Mobilis MK-121,5.32,"Engineer, Healthcare",0.006435656058349949
Dell KB212-B,15.0,"Engineer, Healthcare",0.03086591121318426
Esperanza EK112,8.4,Homemaker,0.014208919062160867
Lamtech LAM081703,15.88,"Healthcare, Homemaker",0.03308684349998738
Esperanza Aspen Wireless Set EK120,18.2,Artist,0.038942028619741054
Microsoft Surface Pro Standard,139.0,Doctor,0.34381546071726016
Universal Foldable Gold,20.0,Engineer,0.04348484466092926
Savio KW-01,14.16,"Lawyer, Engineer",0.0287459303939631
Esperanza EK-129,2.77,"Marketing, Doctor",0.0
Mobilis MK-137,5.9,"Entertainment, Healthcare",0.007899452338288369
Xiaomi MIIIW MWBK01 Black,58.7,"Doctor, Healthcare",0.14115538954647552
Microsoft Surface Go Signature Type Platinum,113.0,"Doctor, Homemaker",0.2781970067889862
Natec Tetra White,28.5,Artist,0.06493703152209575
Element KB-590WMS Green,16.9,Executive,0.03566110592332736
Esperanza Silicone EK126 White,7.9,"Marketing, Entertainment",0.012947025717386368
Logitech Wireless Solar Keyboard K750,89.0,Doctor,0.2176261262398102
LMP KB-1243 White,78.0,"Marketing, Executive",0.18986447265477122
Esperanza EK122 White,17.99,Entertainment,0.038412033414935765
Logitech Wireless Keyboard K270,32.6,"Healthcare, Engineer",0.07528455694924666
Approx APPKBECO,6.76,Engineer,0.010069908891300506
Genius NumPad i120,12.6,Doctor,0.02480882315826666
Esperanza TK102,4.8,Engineer,0.005123286979784468
Tracer Maverick,3.83,Executive,0.002675213890921939
Media-Tech MT1250,8.87,Doctor,0.015395098806248893
Riitek i28,36.15,Marketing,0.08424399969714558
Kanex MultiSync for Mac & iOS Gray,89.0,"Entertainment, Marketing",0.2176261262398102
Conceptum CBM501,9.29,"Healthcare, Lawyer",0.016455089215859475
Trust Ximo,17.0,"Entertainment, Artist",0.03591348459228226
HP C2500 Desktop,16.05,"Artist, Marketing",0.03351588723721071
Logickeyboard Avid Media Composer,142.0,Homemaker,0.3513868207859071
FanTech K3M,9.9,Homemaker,0.017994599096484366
Havit G21,19.9,"Entertainment, Healthcare",0.043232465991974355
NOD KMS-001,8.9,Homemaker,0.015470812406935368
Esperanza Titanum Orlando TK104,21.8,"Homemaker, Engineer",0.048027660702117454
Esperanza EK121 Kid,9.4,Engineer,0.016732705751709865
A4Tech KV-300H,22.41,Executive,0.04956717058274235
Azio Retro Classic USB Black,285.0,Engineer,0.7122883173914141
Weibo WB-8068,12.94,"Artist, Healthcare",0.02566691063271332
Havit KB-44401,12.0,Doctor,0.023294551144537264
Viboton S1,23.85,"Engineer, Doctor",0.05320142341569291
A4Tech KR-83,11.06,"Homemaker, Executive",0.020922191656361205
Lenovo Smartcard,65.0,"Engineer, Entertainment",0.1570552456906342
Logitech Wireless Wave Combo MK550,89.0,"Executive, Healthcare",0.2176261262398102
A4Tech KR-750,10.91,Doctor,0.020543623652928854
Rapoo 8000,20.0,Entertainment,0.04348484466092926
Modecom MC-700U,18.73,"Marketing, Artist",0.04027963556520203
Minix Neo K2 Touchpad,43.0,"Executive, Entertainment",0.10153193852055623
Minix Neo K1 Mini Touchpad,38.9,"Lawyer, Healthcare",0.09118441309340533
A4Tech KRS-8372,14.26,"Artist, Doctor",0.028998309062918
Riitek Mini Wireless Keyboard i10,44.0,"Homemaker, Engineer",0.10405572521010523
Logitech K830 Black,116.0,Marketing,0.2857683668576332
Gembird KB-9835LU,17.0,"Homemaker, Executive",0.03591348459228226
Esperanza EK115,15.07,Lawyer,0.031042576281452693
Esperanza EK102,5.5,Healthcare,0.006889937662468768
Proster PST006,21.74,Executive,0.04787623350074451
Sandberg Streamboard Nordic,66.95,Artist,0.16197662973525478
Rebeltec Solid,5.99,"Executive, Artist",0.008126593140347778
Matias Bluetooth Aluminum Keyboard Silver,83.25,Executive,0.20311435277490347
Powertech PT-190,9.99,Entertainment,0.018221739898543775
HAMA SK140,11.3,Engineer,0.021527900461852965
Esperanza TK107,3.27,Doctor,0.0012618933447744996
DeLock USB Key Pad 19 keys,8.9,Artist,0.015470812406935368
Powertech PT-301,8.95,"Marketing, Doctor",0.015597001741412814
Azio Mk Mac Wired USB Backlit Mechanical Keyboard,149.0,"Engineer, Entertainment",0.3690533276127501
Microsoft Surface Pro Signature Type Cover Blue,159.9,"Doctor, Lawyer",0.39656260252883424
Esperanza EK130 White,11.5,"Homemaker, Engineer",0.022032657799762764
Visiontek CandyBoard Wireless,59.0,"Doctor, Homemaker",0.14191252555334022
Approx KBWSAKIT,27.9,"Artist, Doctor",0.06342275950836634
Rebeltec Elegance,16.98,Homemaker,0.03586300885849128
HP Classic Wired Keyboard,10.9,Homemaker,0.020518385786033367
Measy GP800,19.0,"Homemaker, Artist",0.040961057971380256
Rebeltec Espiro,6.0,"Marketing, Engineer",0.008151831007243267
Sandberg Nor,22.3,Marketing,0.049289554046891955
Sandberg Wireless Office DesktopSet UK,42.15,Entertainment,0.09938671983443957
Sandberg Nord,13.6,Healthcare,0.027332609847815662
FanTech FTK-801,5.8,"Lawyer, Entertainment",0.007647073669333467
FanTech WK-890,19.0,"Marketing, Healthcare",0.040961057971380256
Riitek Rii mini i12,39.32,"Entertainment, Engineer",0.09224440350301591
Lenovo Ultrabook Keyboard,39.9,Homemaker,0.09370819978295433
KeySonic KSK-8030IN,65.8,"Engineer, Marketing",0.1590742750422734
Kit KBXLBKKT,29.9,"Lawyer, Engineer",0.06847033288746435
Belkin YourType Bluetooth Wireless Keypad,53.99,Artist,0.12926835423869973
KeySonic ACK-118BK,6.02,Doctor,0.008202306741034246
Media-Tech MT1421,17.9,"Artist, Entertainment",0.03818489261287636
Weibo WB-8033,13.1,Entertainment,0.02607071650304116
Lenovo ThinkPad Tablet 2 Bluetooth Keyboard with Stand,69.9,"Artist, Lawyer",0.16942180046942434
Havit Mini K-1000,12.9,Doctor,0.025565959165131363
Lenovo Multi-OS Keyboard W500,84.9,"Engineer, Entertainment",0.20727860081265934
Rebeltec Pure,17.9,Executive,0.03818489261287636
Logickeyboard Avid Media Composer Advance,142.0,Homemaker,0.3513868207859071
Logickeyboard Avid Media Composer Slim,142.0,"Artist, Doctor",0.3513868207859071
Logickeyboard Avid Media Composer PC Backlit Astra Keyboard,142.0,Entertainment,0.3513868207859071
Esperanza Titanum TK106,4.18,"Entertainment, Healthcare",0.003558539232264088
Logitech Keys-To-Go Black,89.0,"Marketing, Entertainment",0.2176261262398102
Omega OKM025 Set,12.0,"Lawyer, Homemaker",0.023294551144537264
Rebeltec Portal,14.5,Engineer,0.02960401786840976
Element KB-700W,31.5,"Healthcare, Marketing",0.07250839159074275
Kanex Multi-Sync Bluetooth Keyboard for PC/Android,39.99,"Executive, Engineer",0.09393534058501375
LogiLink Wireless Numeric Keypad with 18 Keys,12.03,"Entertainment, Engineer",0.02337026474522373
Element KB-260WMS,19.5,Entertainment,0.04222295131615476
Esperanza Standard TK103,4.9,Marketing,0.0053756656487393695
Tracer Eureka TRK-325,24.9,"Executive, Doctor",0.05585139943971935
Sansun SN-322,42.0,"Engineer, Healthcare",0.09900815183100722
A4Tech Wireless Desktop Padless 7100n,21.38,"Lawyer, Healthcare",0.046967670292506876
Tracer Keybox II RF Nano,13.0,"Entertainment, Healthcare",0.025818337834086262
Riitek Mini Wireless Keyboard K01 V3,19.5,Lawyer,0.04222295131615476
Trust Veza,24.99,"Lawyer, Homemaker",0.05607854024177876
Sandberg Bluetooth Touchpad Keyboard,47.9,"Lawyer, Executive",0.11389849329934633
HAMA Uzzano 2.0 Smart-TV Keyboard,39.9,Healthcare,0.09370819978295433
Sandberg StreamBoard,33.39,"Executive, Doctor",0.07727834843399035
KB-WL-MICRO Wireless Keyboard,11.0,Entertainment,0.020770764454988263
iMove i1 Mini,25.01,"Entertainment, Doctor",0.05612901597556975
Element KB-580WMS,21.75,Healthcare,0.04790147136764
G-Cube Black & White Endless Note X-Key,17.3,"Executive, Marketing",0.03667062059914696
G-Cube Lux Leopard,14.9,Entertainment,0.030613532544229362
Vakoss TK-525BK,32.0,"Homemaker, Executive",0.07377028493551725
Energenie Bamboo,28.5,Homemaker,0.06493703152209575
Approx KBTV02,31.9,Artist,0.07351790626656235
R-Go Tools Goldtouch Adjustable Keyboard V2,189.25,"Executive, Healthcare",0.47063574186709733
Seenda IS11-BT05R,59.0,"Artist, Marketing",0.14191252555334022
Powertech PT-191,12.99,Healthcare,0.025793099967190772
Powertech PT-186,24.9,"Entertainment, Executive",0.05585139943971935
Keyboard / TouchPad (CVNP-A250W),15.98,"Doctor, Healthcare",0.03333922216894228
uGo 4in1 Office Set,17.9,Engineer,0.03818489261287636
Microsoft Wireless Desktop 2000,39.5,"Lawyer, Engineer",0.09269868510713473
HP USB Keyboard QY776AA,19.9,Homemaker,0.043232465991974355
Logitech Wireless Keyboard K350,59.99,Engineer,0.14441107437599374
Approx KBWS04BG,27.9,Homemaker,0.06342275950836634
Gigabyte Force K3,35.0,"Entertainment, Doctor",0.08134164500416424
Bitmore KM201,8.56,"Homemaker, Artist",0.014612724932488708
Microsoft Universal Foldable Keyboard,77.94,Entertainment,0.1897130454533983
Measy RC8,24.0,"Entertainment, Homemaker",0.053579991419125256
Dell Keyboard for Venue 8 Pro,79.0,"Engineer, Doctor",0.19238825934432022
Sandberg Wired USB Office Keyboard,9.39,Homemaker,0.016707467884814378
Havit HV-K528,16.0,"Healthcare, Executive",0.03338969790273326
Konig CSK MCU 100,14.95,"Healthcare, Doctor",0.03073972187870681
Modecom MC-5006,6.72,"Homemaker, Artist",0.009968957423718547
Mobilis BK3001 Silver,13.45,"Engineer, Lawyer",0.02695404184438331
Esperanza TK108,5.89,Entertainment,0.007874214471392877
Element KB-150UMS,8.4,Healthcare,0.014208919062160867
Tracer Mecano,24.17,"Marketing, Engineer",0.05400903515634859
Havit K11,9.0,"Marketing, Artist",0.015723191075890267
78459925,16.9,"Lawyer, Healthcare",0.03566110592332736
Approx APPKBVL,5.99,"Healthcare, Doctor",0.008126593140347778
Genius KB-110X,11.0,Healthcare,0.020770764454988263
Gembird KB-BTF2-B,9.07,"Entertainment, Doctor",0.015899856144158696
Element KB-100U,7.9,Healthcare,0.012947025717386368
Targus Numeric Keypad,15.0,"Engineer, Entertainment",0.03086591121318426
HP Wireless Classic Desktop,36.0,"Healthcare, Entertainment",0.08386543169371323
Kensington ValueKeyboard,9.9,Healthcare,0.017994599096484366
Omega OK-06,6.99,Artist,0.010650379829896778
Gigabyte K7100,14.5,"Doctor, Executive",0.02960401786840976
Gigabyte K6800,14.99,"Executive, Homemaker",0.03084067334628877
Gembird KB-109F,9.9,Executive,0.017994599096484366
Element KB-600,25.0,"Healthcare, Homemaker",0.05610377810867425
Gembird KB-BT-001 Black,25.0,Marketing,0.05610377810867425
Roline Numeric Keyboard USB Silver,10.78,Marketing,0.020215531383287483
Modecom MC-5003 Hot Wheels,3.9,Executive,0.002851878959190369
Zeroground KB-2800G Satomi,53.99,"Entertainment, Doctor",0.12926835423869973
Razer Cynosa Lite Chroma,38.88,"Marketing, Homemaker",0.09113393735961436
Zeroground KB-2700G Sakimo,43.99,Engineer,0.10403048734320974
Zeroground KB-2400G Taigen v2.0,43.8,Artist,0.10355096787219542
Razer Blackwidow Chroma Elite (Razer Green),134.47,"Artist, Executive",0.3323827070136032
Zeroground KB-2600G Simeto,29.99,"Marketing, Entertainment",0.06869747368952375
Zeroground KB-2300G Sagara,24.9,Doctor,0.05585139943971935
Razer Huntsman Tournament Edition,124.0,Lawyer,0.3059586603740252
Philips SPK8614,32.8,"Marketing, Doctor",0.07578931428715643
Zeroground Arai KB-1700GUMS,25.9,Executive,0.05837518612926835
Zeroground KB-2500G Hanzo v2.0,21.99,"Entertainment, Lawyer",0.04850718017313176
NOD Metal Stealth,22.8,Lawyer,0.050551447391666456
Motospeed CK108 (Outemu Blue),39.98,"Artist, Entertainment",0.09391010271811824
Corsair K70 RGB MK.2 (Cherry MX Red),129.0,"Executive, Engineer",0.3185775938217702
Razer Huntsman Elite (Razer Linear Optical),192.85,Artist,0.47972137394947373
Corsair K55 RGB,56.05,Executive,0.13446735481917066
Philips Momentum,15.5,"Entertainment, Healthcare",0.03212780455795876
Razer Blackwidow Chroma Elite (Razer Yellow),148.1,Engineer,0.366781919592156
HyperX Alloy Origins TKL (HyperX Red),104.0,Doctor,0.2554829265830452
Logitech G213 Prodigy,52.65,"Lawyer, Executive",0.12588648007470407
Philips SPK8614-BRS,33.0,"Doctor, Healthcare",0.07629407162506625
Motospeed CK108 (Outemu Black),36.7,Artist,0.08563208237639754
Conceptum Black Dragon G901,64.9,"Engineer, Healthcare",0.15680286702167934
Sades Neo Blademail,22.01,Healthcare,0.04855765590692275
Razer Huntsman Elite (Razer Clicky Optical),184.54,Entertainment,0.45874870655932154
Logitech G512 Carbon (GX Blue),99.9,Marketing,0.24513540115589433
Razer Ornata Chroma,84.9,"Artist, Doctor",0.20727860081265934
Zeroground KB-1900GUHMS Sumiko Bundle,35.99,Homemaker,0.08384019382681775
Sharkoon Skiller Mech SGK3 (Kailh Red),63.87,"Doctor, Executive",0.15420336673144383
Motospeed CK61 (Outemu Blue),41.69,Doctor,0.09822577795724703
Motospeed CK108 (Outemu Red),38.77,Doctor,0.09085632082376398
HyperX Alloy FPS RGB,94.08,"Lawyer, Doctor",0.23044696262271913
Corsair K68 RGB,109.9,"Healthcare, Artist",0.2703732680513843
NOD Iron Strike,39.9,Artist,0.09370819978295433
Armaggeddon MKA-3C Psychfalcon,30.0,Engineer,0.06872271155641925
CoolerMaster MK110,43.29,Lawyer,0.10226383666052544
CoolerMaster MK730,123.0,"Entertainment, Homemaker",0.3034348736844762
Motospeed Inflictor CK104 Silver (Outemu Red),36.83,Artist,0.0859601746460389
Motospeed Inflictor CK104 RGB Silver (Outemu Blue),35.38,Engineer,0.08230068394619286
Logitech G413 Black,72.9,Doctor,0.17699316053807135
Motospeed Inflictor CK104 RGB Silver (Outemu Black),35.02,Lawyer,0.08139212073795522
Razer Huntsman Black,108.39,Lawyer,0.26656235015016533
Motospeed Inflictor CK104 RGB Red (Outemu Red),31.71,"Engineer, Lawyer",0.07303838679554804
Motospeed Inflictor CK104 RGB Red (Outemu Blue),31.49,"Doctor, Executive",0.07248315372384725
Motospeed CK103 White (Outemu Blue),43.81,Lawyer,0.10357620573909093
Motospeed K82 Black (Outemu Blue),38.3,Engineer,0.08967014107967593
Logitech G413 Silver,68.99,Entertainment,0.16712515458193472
Motospeed CK62 RGB White (Outemu Red),46.0,Entertainment,0.10910329858920323
Motospeed K70,9.54,"Healthcare, Artist",0.017086035888246722
Logitech G512 SE RGB,99.9,Engineer,0.24513540115589433
Razer BlackWidow Chroma (Razer Green),103.5,Entertainment,0.2542210332382707
Razer Blackwidow Lite,83.55,Lawyer,0.20387148878176817
Armaggeddon RGB Raptor MKA-11R,46.6,Engineer,0.11061757060293263
White Shark GC-4102,28.6,"Executive, Homemaker",0.06518941019105065
Orzly RX250-K,12.9,Marketing,0.025565959165131363
Motospeed CK103 Black (Outemu Red),39.49,"Healthcare, Marketing",0.09267344724023925
A4Tech Bloody B120N,22.9,Healthcare,0.05080382606062135
A4Tech B500N,24.5,"Executive, Marketing",0.054841884763899756
CoolerMaster CK550 (Gateron Brown),77.64,Doctor,0.1889559094465336
Trust GXT 838 Azor,28.9,Homemaker,0.06594654619791535
SteelSeries Apex Pro TKL,209.9,"Healthcare, Entertainment",0.5227519370062842
SteelSeries Apex Pro,230.0,"Marketing, Healthcare",0.5734800494662191
CoolerMaster CK350 (Outemu Brown),56.49,Marketing,0.13557782096257223
Motospeed K87S White (Kailh Blue),48.04,Healthcare,0.11425182343588318
HyperX Alloy FPS Pro (Cherry MX Red),75.0,Executive,0.1822931125861242
Asus ROG Strix Flare,169.9,Engineer,0.4218004694243242
Armaggeddon MKA-2C Psychraven,25.7,Lawyer,0.05787042879135855
HyperX Alloy Core RGB,55.4,Engineer,0.13282689347096382
Armaggeddon MKA-5R,35.0,"Engineer, Executive",0.08134164500416424
Spartan Gear Minotaur,19.98,Engineer,0.04343436892713828
Dell Alienware Pro Gaming Keyboard AW768,107.16,"Doctor, Homemaker",0.26345809252202
SteelSeries Apex 5,132.9,"Doctor, Engineer",0.32842036191101126
Motospeed CK888 (Outemu Red),47.99,"Marketing, Lawyer",0.11412563410140573
ADX Firepower A01,24.9,"Artist, Homemaker",0.05585139943971935
Orzly Hornet RX250 Essential Pack,36.9,Engineer,0.08613683971430733
Motospeed K27 (Outemu Red),20.64,"Executive, Healthcare",0.045100068142240615
Motospeed K87S White (Kailh Red),47.75,Entertainment,0.11351992529591398
Trust GXT 865 Asta,49.69,"Engineer, Healthcare",0.11841607147363903
Spirit of Gamer Pro K5,19.2,Healthcare,0.041465815309290055
NOD Silver Sky,22.9,"Entertainment, Executive",0.05080382606062135
Logitech G513 Carbon (GX Blue),179.9,Lawyer,0.4470383363198142
Razer Cynosa Chroma,79.0,"Engineer, Lawyer",0.19238825934432022
Natec Tornado,34.68,"Homemaker, Marketing",0.08053403326350857
Motospeed CK104 Orion Special Edition RGB Silver (Outemu Red),37.3,"Artist, Healthcare",0.08714635439012693
Philips SPK8403,56.0,"Entertainment, Healthcare",0.13434116548469321
Sharkoon Skiller Mech SGK3 (Kailh Brown),64.37,Artist,0.15546526007621836
Spartan Gear Cyclops,34.98,Artist,0.08129116927037325
Logitech G Pro,127.58,"Homemaker, Executive",0.3149938167226106
Corsair K63 Wireless,169.0,Entertainment,0.4195290614037301
HyperX Alloy Elite RGB (Cherry MX Red),127.9,"Artist, Lawyer",0.3158014284632663
Dell Alienware Mechanical AW310K Dark side of the moon,79.0,"Artist, Engineer",0.19238825934432022
A4Tech Bloody B930 (LK Libra Brown),59.99,"Executive, Entertainment",0.14441107437599374
Redragon S101-BA,99.9,"Executive, Engineer",0.24513540115589433
Motospeed CK103 Black (Outemu Blue),41.7,"Marketing, Entertainment",0.09825101582414254
Motospeed CK62 RGB Black (Outemu Red),50.37,Lawyer,0.12013224642253235
Trust GXT 830-RW Avonn,18.0,Engineer,0.03843727128183126
Logitech G613,99.98,"Engineer, Executive",0.24533730409105822
Patriot Viper V760,96.6,"Entertainment, Engineer",0.2368069050803826
Motospeed CK888 Silver (Outemu Blue),46.7,"Artist, Entertainment",0.11086994927188754
FanTech K613L,24.8,"Engineer, Doctor",0.05559902077076446
Xtrike Me GK-980,24.8,Homemaker,0.05559902077076446
Corsair K65 Lux RGB,187.0,"Engineer, Executive",0.4649572218156121
Motospeed K95 (Outemu Blue),29.79,"Marketing, Doctor",0.06819271635161396
CoolerMaster CK530 (Gateron Red),79.79,"Artist, Engineer",0.19438205082906396
Dell Alienware AW510K Dark Side of the Moon,129.9,"Homemaker, Marketing",0.3208490018423643
Corsair K65 RGB Rapidfire,145.0,Marketing,0.3589581808545541
Fury Thunderstreak 4W1,24.0,Engineer,0.053579991419125256
Spirit of Gamer Xpert G700,69.5,Homemaker,0.16841228579360473
Redragon Visnu RGB,48.5,"Doctor, Homemaker",0.11541276531307573
Motospeed CK103 Side Laser (Outemu Blue),54.85,"Marketing, Entertainment",0.13143881079171188
Motospeed CK98,69.08,Artist,0.16735229538399415
Motospeed GK82 Pink (Outemu Red),45.0,"Executive, Healthcare",0.10657951189965423
Corsair K95 RGB Platinum Black (Cherry MX Brown),229.0,"Healthcare, Lawyer",0.5709562627766701
Razer Tartarus Pro Black,128.5,"Homemaker, Healthcare",0.3173157004769957
Corsair K70 RGB MK.2 (Cherry MX Brown),176.5,"Engineer, Doctor",0.4384574615753476
CoolerMaster Devastator III RGB,33.99,Lawyer,0.07879262044771976
Roccat Vulcan 120 Aimo,219.0,Entertainment,0.5457183958811801
Spartan Gear Centaur,15.88,Executive,0.03308684349998738
Motospeed GK82 (Outemu Brown),47.0,Engineer,0.11162708527875223
Razer BlackWidow Ultimate Water Resistant,119.0,"Engineer, Doctor",0.2933397269262802
Logitech G513 Carbon (Romer-G Tactile),139.0,"Executive, Engineer",0.34381546071726016
Motospeed CK61 (Outemu Red),41.69,Entertainment,0.09822577795724703
Sades K13 Sickle (Kailh Red),54.73,Marketing,0.131135956388966
Cougar Vantar,55.0,"Marketing, Artist",0.1318173787951442
Patriot Viper 770,108.5,"Lawyer, Executive",0.2668399666860157
HyperX Alloy FPS (Cherry MX Blue),89.9,"Entertainment, Artist",0.21989753426040431
Corsair K70 RGB MK.2 Low Profile RAPIDFIRE (Cherry MX Speed),134.0,"Entertainment, Lawyer",0.33119652726951515
Redragon Kala RGB LED,48.1,Healthcare,0.11440325063725613
Corsair K70 Lux (Cherry MX Brown),170.0,Executive,0.4220528480932791
CoolerMaster MS110,48.91,Artist,0.11644751785579081
HyperX Alloy FPS (Cherry MX Red),100.61,"Marketing, Homemaker",0.2469272897054741
Genesis Thor 300 TKL (Outemu Blue),39.9,"Engineer, Doctor",0.09370819978295433
Motospeed CK87s White (Outemu Red),53.0,"Executive, Homemaker",0.1267698054160462
Trust GXT 860,39.49,"Engineer, Lawyer",0.09267344724023925
Zeroground KB-1600GUMS,18.9,"Healthcare, Marketing",0.04070867930242535
HyperX Alloy Origins,115.99,"Marketing, Artist",0.28574312899073767
Genesis Rhod 400 RGB,22.4,"Executive, Homemaker",0.04954193271584685
CoolerMaster SK621,218.36,"Engineer, Executive",0.5441031723998687
Razer Huntsman Mini (Razer Clicky),119.9,Lawyer,0.2956111349468743
Motospeed CK62 RGB Black (Outemu Blue),44.38,Lawyer,0.10501476415213386
Motospeed CK80 Silver (Silver Switches),55.0,"Homemaker, Lawyer",0.1318173787951442
Motospeed CK62 RGB White (Outemu Blue),40.0,Doctor,0.09396057845190924
Razer Huntsman Quartz Pink,163.9,Healthcare,0.40665774928703025
Armaggeddon MKO 13R Enterprise Black,63.0,Entertainment,0.15200767231153622
Spirit of Gamer Elite K10,22.6,Healthcare,0.05004669005375666
Razer BlackWidow Ultimate 2016,179.9,Homemaker,0.4470383363198142
Cougar Deathfire EX,50.0,"Homemaker, Executive",0.11919844534739922
Corsair K63,99.99,"Marketing, Lawyer",0.2453625419579537
White Shark Samurai,24.2,Engineer,0.054084748757035055
Trust GXT 1180RW,36.99,Executive,0.08636398051636675
Sades Frost Staff,65.1,Doctor,0.1573076243595891
HP Omen 1100,69.9,"Entertainment, Lawyer",0.16942180046942434
A4Tech Bloody B2500,45.4,"Executive, Entertainment",0.10758902657547383
Trust GXT 856 Torac,23.8,"Doctor, Entertainment",0.05307523408121546
HyperX Alloy FPS Pro (Cherry MX Blue),78.1,"Engineer, Marketing",0.1901168513237261
iMice AK-400 Black,18.41,"Marketing, Lawyer",0.03947202382454635
Motospeed CK99 RGB (Cherry MX Red),75.34,Executive,0.1831512000605709
Sharkoon Skiller SGK4,36.9,Engineer,0.08613683971430733
Canyon Argama Gaming Set,72.8,Engineer,0.1767407818691164
Powertech Roar PT-184,19.0,"Engineer, Marketing",0.040961057971380256
Roccat Isku+ Force FX,65.41,Engineer,0.1580899982333493
Motospeed K70L,14.0,Artist,0.028342124523635263
Corsair K70 Lux RGB (Cherry MX Red),161.49,"Healthcare, Homemaker",0.4005754233652172
Logitech G915 Lightspeed (GL Clicky),229.9,Doctor,0.5732276707972642
Patriot Viper 730,54.5,"Doctor, Entertainment",0.1305554854503697
A4Tech Bloody B975 (LK Libra Orange),60.06,Artist,0.14458773944426218
Genesis Thor 300 TKL (Outemu Red),55.0,Executive,0.1318173787951442
Motospeed CK104 Orion Special Edition RGB Silver (Outemu Blue),37.3,Healthcare,0.08714635439012693
Asus ROG Claymore Core with Numpad,189.9,Artist,0.4722762032153042
Spartan Gear Lochos (Xinda Blue),27.8,Entertainment,0.06317038083941146
Xtrike Me GK-979 (Custom Blue),23.29,"Executive, Doctor",0.051788102869545466
Armaggeddon MKA-17 ProGaming,79.4,Marketing,0.19339777402013983
Lamtech LAM021325,11.0,Homemaker,0.020770764454988263
Armaggeddon AK-999 SFX,18.9,"Entertainment, Doctor",0.04070867930242535
Logitech G815 Lightsync RGB (GL Clicky),179.9,Lawyer,0.4470383363198142
Savio Tempest RX Green (Outemu Brown),28.38,"Engineer, Lawyer",0.06463417711934986
Asus Sagaris GK1100,96.6,"Entertainment, Homemaker",0.2368069050803826
Redragon K556 RGB,54.01,Lawyer,0.1293188299724907
Genesis Thor 200 RGB,33.21,"Marketing, Artist",0.07682406682987154
Razer Ornata V2,99.4,Marketing,0.24387350781111983
Nedis Single-Handed,31.55,Engineer,0.0726345809252202
Motospeed K83 (Outemu Blue),33.52,"Doctor, Entertainment",0.07760644070363173
Razer Tartarus v2,70.36,Homemaker,0.17058274234661686
Sades SA-D10,38.53,Artist,0.09025061201827221
Motospeed K27 (Outemu Blue),20.64,"Homemaker, Executive",0.045100068142240615
Redragon Anala K558,55.0,"Entertainment, Healthcare",0.1318173787951442
CMK-188 Rainbow,14.33,Homemaker,0.029174974131186433
Sharkoon Skiller SGK5,38.56,Entertainment,0.09032632561895867
FanTech Pantheon MK871 Tournament Edition,64.0,Healthcare,0.15453145900108523
Motospeed K24,19.0,"Engineer, Healthcare",0.040961057971380256
Motospeed Inflictor CK104 RGB Silver (Outemu Brown),35.22,"Homemaker, Entertainment",0.08189687807586502
Motospeed CK89 Black (Kaili Box White),61.52,Homemaker,0.14827246801100372
Marvo KG959G,44.64,Executive,0.10567094869141659
Creative Sound Blaster X Vanguard K08,99.0,"Executive, Marketing",0.24286399313530022
Sharkoon PureWriter TKL RGB,77.98,Artist,0.18981399692098025
Hori Tactical Assault Commander Pro M2,126.81,Healthcare,0.3130505009716579
Marvo CM303,47.9,"Marketing, Executive",0.11389849329934633
CoolerMaster SK650,144.89,"Engineer, Executive",0.3586805643187037
Asus TUF Gaming Combo,132.59,Doctor,0.3276379880372511
Esperanza Illuminated EK133,9.64,Executive,0.01733841455720163
Esperanza Illuminated Hunter,13.6,Doctor,0.027332609847815662
Cougar Aurora,38.0,"Healthcare, Marketing",0.08891300507281123
A4Tech Bloody B930 (LK Libra Orange),55.17,Entertainment,0.13224642253236754
Weibo WB-570,15.6,"Homemaker, Doctor",0.03238018322691366
Roccat Vulcan 121 Aimo,187.9,"Homemaker, Lawyer",0.4672286298362062
Logitech G915 Lightspeed (GL Linear),260.0,Engineer,0.6491936501526892
Corsair K57 RGB,169.9,"Lawyer, Healthcare",0.4218004694243242
Zeroground KB-2200G Shoyen,20.9,"Artist, Homemaker",0.045756252681523356
Gamesir GK100,44.9,Healthcare,0.10632713323069932
HAMA uRAGE Illumination 2in1,17.65,Executive,0.03755394594048911
Zeroground KB-2100G Soki,15.9,Artist,0.03313731923377836
Tracer Commando,18.5,"Executive, Healthcare",0.039699164626605755
LogiLink Illuminated one-hand gaming keyboard,19.0,"Homemaker, Marketing",0.040961057971380256
ADX Firefight ADXOK0119,44.9,Artist,0.10632713323069932
Sharkoon Skiller Mech SGK3 (Kailh Blue),63.0,"Healthcare, Lawyer",0.15200767231153622
ADX ADXA0419,39.9,Healthcare,0.09370819978295433
Motospeed CK61 (Kailh Short),59.9,Lawyer,0.1441839335739343
Tracer Battle Heroes Shinook USB,14.85,"Entertainment, Lawyer",0.03048734320975191
Razer Blackwidow Lite Stormtrooper Edition,94.68,Artist,0.23196123463644855
Redragon K505 RGB LED Backlit,28.0,"Homemaker, Artist",0.06367513817732125
Gamdias Hermes P2,77.9,Entertainment,0.18961209398581633
CoolerMaster CK550 (Gateron Blue),90.37,"Marketing, Engineer",0.22108371400449237
Zeroground KB-1800GUHMS,28.99,"Marketing, Entertainment",0.06617368699997475
Azio Mk Retro,159.0,"Healthcare, Entertainment",0.39429119450824013
Razer Blackwidow Ultimate 2017,114.0,Healthcare,0.2807207934785352
Redragon Visnu R,38.0,Executive,0.08891300507281123
Roccat Vulcan 100 Aimo,179.0,Executive,0.4447669282992201
Rebeltec Patrol,10.9,"Marketing, Healthcare",0.020518385786033367
Omega OK-26 M-Dia,5.95,Entertainment,0.008025641672765817
A4Tech Bloody B820R,58.9,Engineer,0.1416601468843853
Gembird KB-UML-01,15.1,"Marketing, Executive",0.03111828988213916
Roccat Suora FX,149.0,"Artist, Homemaker",0.3690533276127501
A4Tech Bloody B314,30.52,Lawyer,0.07003508063498473
Gamesir VX AimSwitch,119.9,Healthcare,0.2956111349468743
Redragon Aryaman K569,68.0,Engineer,0.16462660575928123
A4Tech Bloody B975 (LK Libra Brown),77.9,Entertainment,0.18961209398581633
Logitech G910 Orion Spectrum,125.0,Marketing,0.3084824470635742
Motospeed K82 Pink (Outemu Red),44.0,"Engineer, Healthcare",0.10405572521010523
Gembird KB-UML3-01,8.72,"Doctor, Lawyer",0.015016530802816548
Motospeed CK101 White (Outemu Blue),39.6,Healthcare,0.09295106377608964
MSI GK-701,119.0,Healthcare,0.2933397269262802
Trust GXT 890,67.0,Engineer,0.16210281906973223
SteelSeries Apex 3,78.9,"Lawyer, Entertainment",0.19213588067536533
Dell Alienware AW510K Lunar Light,134.37,"Artist, Entertainment",0.3321303283446483
Redragon K576-R,46.9,"Doctor, Homemaker",0.11137470660979733
A4Tech Bloody B860,59.9,"Lawyer, Homemaker",0.1441839335739343
Hori Tactical Assault Commander New Tac 4,99.64,"Marketing, Executive",0.24447921661661157
A4Tech Bloody B2278,29.9,Artist,0.06847033288746435
Motospeed CK95,37.0,Healthcare,0.08638921838326223
Weibo WB-539,17.99,Lawyer,0.038412033414935765
CoolerMaster MasterKeys MK750,129.0,"Healthcare, Engineer",0.3185775938217702
HP Pavilion Gaming Keyboard 500,43.67,"Lawyer, Marketing",0.10322287560255407
Trust GXT 850 Metal,39.9,"Engineer, Marketing",0.09370819978295433
Redragon Yaksa,42.0,Lawyer,0.09900815183100722
Cougar Puri TKL (Cherry MX White),80.9,"Entertainment, Engineer",0.19718345405446333
Sharkoon PureWriter RGB (Kailh Red),79.12,Engineer,0.1926911137470661
Sound Friend SF-K003,8.9,Homemaker,0.015470812406935368
Armaggeddon Psych Raven,37.8,"Homemaker, Marketing",0.08840824773490143
SteelSeries Apex 150,69.0,"Homemaker, Artist",0.16715039244883023
SteelSeries Apex 7 TKL (Steelseries Red),149.9,Healthcare,0.3713247356333442
A4Tech B3370R,34.49,Executive,0.08005451379249426
SilentiumPC GK530 Tournament (Kailh Blue),51.0,Artist,0.12172223203694822
Redragon Yama,86.0,Executive,0.21005476617116323
Razer Cynosa Lite & Abyssus Lite Bundle,75.0,"Entertainment, Healthcare",0.1822931125861242
Zeroground KB-1500GUMS,35.0,"Lawyer, Homemaker",0.08134164500416424
Havit KB435L,49.0,Artist,0.11667465865785022
Motospeed CK666,42.19,Lawyer,0.09948767130202153
Spirit of Gamer Pro Gaming Pack 3 in 1,30.7,"Engineer, Lawyer",0.07048936223910354
Sandberg Hailstorm Mech Keyboard Uk,81.58,Homemaker,0.19889962900335664
Spirit of Gamer CLA-XK500,44.5,Engineer,0.10531761855487973
Motospeed K83 (Outemu Red),32.68,Lawyer,0.07548645988441056
Q-801,17.77,"Executive, Healthcare",0.037856800343234985
CoolerMaster Suppressor,39.8,"Homemaker, Engineer",0.09345582111399943
Fury Spitfire RGB,13.29,Homemaker,0.02655023597405547
Corsair K83 Wireless Entertainment,102.9,Engineer,0.25270676122454133
Armaggeddon AK-666SFX,17.5,"Engineer, Artist",0.03717537793705676
Genesis RHOD 110,8.99,Artist,0.015697953208994777
Motospeed GK89 Black (Outemu Black),45.0,"Healthcare, Doctor",0.10657951189965423
Natec Hellfire 2,8.46,"Artist, Marketing",0.014360346263533809
Marvo KG929,19.9,"Marketing, Engineer",0.043232465991974355
Rebeltec Maximus,15.4,Engineer,0.03187542588900386
A4Tech B120,33.9,Doctor,0.07856547964566034
Armaggeddon AK-566i,35.0,Lawyer,0.08134164500416424
Motospeed K96 Camo (Outemu Blue),49.02,"Healthcare, Artist",0.11672513439164121
Motospeed K82 Pink (Outemu Blue),43.66,"Healthcare, Executive",0.10319763773565856
Motospeed Inflictor CK104 RGB Red (Outemu Black),33.1,"Engineer, Doctor",0.07654645029402116
Motospeed CK101 White (Outemu Red),40.0,"Executive, Healthcare",0.09396057845190924
Motospeed CK101 Black (Outemu Blue),39.0,"Artist, Entertainment",0.09143679176236023
Rebeltec Interceptor,19.5,Homemaker,0.04222295131615476
White Shark Viking 2,14.11,"Healthcare, Engineer",0.02861974105948565
Lamtech LAM021226,11.04,Homemaker,0.02087171592257022
SteelSeries Apex 100,49.9,"Entertainment, Marketing",0.11894606667844432
Defender Xenda Combo MKP-008,25.15,Doctor,0.0564823461121066
Genius K5,14.0,"Lawyer, Engineer",0.028342124523635263
Razer DeathStalker Essential (US),44.9,Marketing,0.10632713323069932
Genesis RHOD 420 RGB,22.46,Artist,0.0496933599172198
Marvo CM370,29.5,"Homemaker, Doctor",0.06746081821164475
Element KB-1000G,15.9,"Doctor, Homemaker",0.03313731923377836
Rebeltec Fighter,27.78,"Doctor, Homemaker",0.06311990510562047
Logic LK-21,4.66,Engineer,0.004769956843247609
Trust GXT 845 Tural,40.0,Engineer,0.09396057845190924
Redragon Vara RGB,55.0,Engineer,0.1318173787951442
Trust Rgb Wired Keyboard Black,22.8,"Entertainment, Engineer",0.050551447391666456
CoolerMaster MasterKeys Pro L RGB (Cherry MX Red),175.0,"Homemaker, Executive",0.4346717815410241
Omega Varr RGB,12.0,Artist,0.023294551144537264
HP Pavilion Gaming Keyboard 800,66.35,"Lawyer, Healthcare",0.16046235772152534
Razer Cynosa V2,68.5,Artist,0.16588849910405573
iMice AK-700,18.99,Entertainment,0.040935820104484766
SteelSeries Apex 7,159.98,"Homemaker, Executive",0.3967645054639981
iMice AN-300-X7,18.96,Engineer,0.0408601065037983
Spirit of Gamer Single Hand,39.9,Marketing,0.09370819978295433
iMice AK-200,17.6,Doctor,0.037427756606011664
Fury Typhoon,4.56,"Entertainment, Engineer",0.004517578174292707
Motospeed K96 CamoGreen (Outemu Black),39.52,Lawyer,0.09274916084092572
Zeroground Taigen KB-2000G,71.99,"Lawyer, Executive",0.17469651465058172
Defender Killing Storm Combo MKP-013L,34.75,Lawyer,0.08071069833177699
Motospeed K96 Black (Red Switches),42.82,"Executive, Homemaker",0.10107765691643741
Havit HV-KB675CM,49.0,Homemaker,0.11667465865785022
Motospeed K22 (Outemu Blue),16.69,Artist,0.035131110718522075
HyperX Alloy Origins Core Mechanical Gaming Keyboard (HyperX Aqua),109.99,Executive,0.2706004088534437
HyperX Alloy Origins (HyperX Red),109.0,Entertainment,0.2681018600307902
Defender GK-170L,34.99,"Healthcare, Entertainment",0.08131640713726875
Canyon Nightflyer Gaming Set,65.0,Entertainment,0.1570552456906342
Defender GK-150DL,26.27,Lawyer,0.05930898720440148
Armaggeddon AK-300X,9.71,"Doctor, Executive",0.017515079625470057
Canyon Leonof Gaming Set Black/Orange,39.99,Healthcare,0.09393534058501375
Canyon Fobos Black-Orange,21.9,Entertainment,0.04828003937107235
SpeedLink Ultor Illuminated,92.7,"Lawyer, Artist",0.2269641369911415
HP Encoder (Cherry MX Red),123.0,"Homemaker, Engineer",0.3034348736844762
Havit HV-KB500L,15.2,Homemaker,0.03137066855109406
Asus Cerberus MK II,39.99,Engineer,0.09393534058501375
Armaggeddon MKO 13R Enterprise White,69.24,"Entertainment, Healthcare",0.16775610125432197
Motospeed K82 Black (Outemu Red),37.97,"Doctor, Homemaker",0.08883729147212475
Motospeed CK101 Black (Outemu Red),39.0,"Executive, Homemaker",0.09143679176236023
Motospeed Inflictor CK104 RGB Red (Outemu Brown),35.89,"Executive, Doctor",0.08358781515786284
Esperanza Shadow Red,7.23,"Engineer, Doctor",0.011256088635388538
Ducky One 2 RGB TKL (Cherry MX Red),169.9,Entertainment,0.4218004694243242
CoolerMaster MasterSet MS120 RGB,66.75,"Homemaker, Doctor",0.16147187239734495
Logitech G815 Lightsync RGB (GL Tactile),179.9,"Executive, Entertainment",0.4470383363198142
Esperanza NINJA,9.3,Entertainment,0.01648032708275497
Motospeed K96 CamoOrange (Outemu Brown),42.18,Marketing,0.09946243343512605
iMice MK-X80 (Custom Blue),54.43,Engineer,0.1303788203821013
Baseus Gamo,34.9,"Artist, Entertainment",0.08108926633520934
Canyon Nightfall Black-Gray,51.99,"Lawyer, Executive",0.12422078085960174
Canyon Hazard,39.99,Healthcare,0.09393534058501375
Corsair Strafe RGB MK.2 Mechanical,159.0,"Marketing, Lawyer",0.39429119450824013
HP Encoder (Cherry MX Brown),123.0,"Doctor, Entertainment",0.3034348736844762
Havit HV-KB492L,45.0,"Artist, Healthcare",0.10657951189965423
Havit HV-KB488L,19.9,Lawyer,0.043232465991974355
Motospeed Κ23,19.9,Entertainment,0.043232465991974355
Motospeed CK888 (Outemu Green),46.7,Healthcare,0.11086994927188754
Havit HV-KB432L,55.0,Engineer,0.1318173787951442
Redragon Vata K580,61.0,"Executive, Marketing",0.14696009893243822
Xtrike Me KB-505,10.9,"Entertainment, Doctor",0.020518385786033367
Natec Fury Typhoon,7.8,"Healthcare, Artist",0.012694647048431464
SteelSeries Apex M750,109.99,Engineer,0.2706004088534437
Motospeed CK104 Orion Special Edition Red (Outemu Red),37.0,"Executive, Engineer",0.08638921838326223
Motospeed CK99 RGB (Outemu Blue),57.89,"Executive, Healthcare",0.13911112232794082
Spirit of Gamer Antighosting 4,18.54,"Doctor, Marketing",0.03980011609418772
White Shark Cherokee,21.5,"Healthcare, Entertainment",0.04727052469525276
Zalman ZM-K900M,93.9,"Engineer, Lawyer",0.22999268101860032
Motospeed CK88 (Outemu Black),58.3,Marketing,0.1401458748706559
Sharkoon PureWriter RGB (Kailh Blue),76.1,Homemaker,0.1850692779446281
Rebeltec Oppressor,11.16,Executive,0.021174570325316104
CoolerMaster MasterKeys MK850,189.91,"Executive, Engineer",0.4723014410821997
Motospeed CK99 RGB (LK Libra Orange),55.33,Marketing,0.13265022840269539
Ducky One 2 RGB TKL (Cherry MX Brown),169.0,"Doctor, Homemaker",0.4195290614037301
Motospeed CK103 Side Laser (Outemu Red),52.04,"Healthcare, Marketing",0.12434697019407918
Xtrike Me CM-404,29.9,Homemaker,0.06847033288746435
Corsair K70 Lux (Cherry MX Red),175.0,Lawyer,0.4346717815410241
Esperanza Tirions Green,5.95,Marketing,0.008025641672765817
Motospeed GK82 Pink (Outemu Blue),45.0,Entertainment,0.10657951189965423
Weibo FC-536,8.0,"Executive, Artist",0.013199404386341268
iMice AK-800,16.24,"Healthcare, Entertainment",0.03399540670822502
Motospeed GK82 (Outemu Black),46.24,"Artist, Doctor",0.109709007394695
Havit KB462L,65.0,Entertainment,0.1570552456906342
Corsair 3-in-1 Gaming Bundle,97.5,"Marketing, Artist",0.2390783131009767
Ducky One 2 RGB (Cherry MX Brown),159.9,Lawyer,0.39656260252883424
Redragon Asura Black,25.9,"Homemaker, Marketing",0.05837518612926835
Roccat Isku FX White,65.69,Engineer,0.15879665850642302
Motospeed CK80 Black (Custom Gold),57.02,"Doctor, Homemaker",0.1369154279080332
Motospeed K96 CamoOrange (Outemu Red),42.18,"Executive, Engineer",0.09946243343512605
Trust GXT 830-RW Avonn Camo,20.9,"Doctor, Artist",0.045756252681523356
Xtrike Me KB-705 Black,16.8,"Executive, Engineer",0.03540872725437246
Havit HV-KB486L,25.0,Marketing,0.05610377810867425
Ducky One 2 RGB TKL (Cherry MX Blue),169.9,"Lawyer, Homemaker",0.4218004694243242
Ducky One 2 RGB TKL (Cherry MX Silver),169.9,Executive,0.4218004694243242
Ducky One 2 SF (Cherry MX Blue),149.9,Executive,0.3713247356333442
Ducky One 2 SF (Cherry MX Silent Red),149.9,"Lawyer, Doctor",0.3713247356333442
Ducky One 2 Mini RGB (Cherry MX Silent Red),144.9,"Marketing, Doctor",0.3587058021855992
Savio Tempest RX Blue (Outemu Blue),28.38,Doctor,0.06463417711934986
White Shark Gladiator 2,19.99,"Healthcare, Doctor",0.04345960679403376
White Shark Legionnaire (Outemu Blue),47.99,Marketing,0.11412563410140573
Marvo KG922,29.9,Homemaker,0.06847033288746435
iMice AK-600,14.85,Doctor,0.03048734320975191
HyperX HyperX Alloy Elite 2 (HyperX Red),159.99,"Lawyer, Executive",0.3967897433308937
Remax XII-J590,48.9,"Engineer, Homemaker",0.11642227998889532
Remax XII-J588,44.4,"Entertainment, Marketing",0.10506523988592482
Remax XII-J599,53.2,Marketing,0.12727456275395602
MSI Vigor GK50 Low Profile (Kailh Box White),92.0,Lawyer,0.2251974863084572
Logic LC-STARR-TWO,12.65,Homemaker,0.024935012492744116
Cougar 700K,179.0,"Marketing, Executive",0.4447669282992201
Spartan Gear Chimera,17.98,"Lawyer, Engineer",0.03838679554804028
Logitech G915 TKL (GL Tactile),229.0,"Artist, Marketing",0.5709562627766701
Andowl Q-803,23.99,"Entertainment, Executive",0.05355475355222976
Modecom MC-5008,14.44,Entertainment,0.02945259066703682
Trust GXT 870,59.98,"Entertainment, Homemaker",0.14438583650909823
Weibo WB-580,16.69,Entertainment,0.035131110718522075
CoolerMaster CK530 (Gateron Brown),85.54,Homemaker,0.2088938242939707
Xtrike Me GK-907,45.0,Entertainment,0.10657951189965423
Marvo KG909,37.3,"Homemaker, Doctor",0.08714635439012693
CoolerMaster Devastator 3 Plus,49.9,"Artist, Engineer",0.11894606667844432
FanTech Fighter K611,18.0,"Executive, Doctor",0.03843727128183126
iMice KM-680,17.6,Marketing,0.037427756606011664
Genesis Thor 420 RGB (Custom Blue),52.23,Homemaker,0.12482648966509348
Esperanza Aspis,4.66,"Entertainment, Engineer",0.004769956843247609
Logitech G513 Carbon (Romer-G Linear),139.0,"Engineer, Doctor",0.34381546071726016
Omega Varr VMK3BK11,39.85,Engineer,0.09358201044847689
Cougar Vantar MX (Custom Red),46.27,"Homemaker, Executive",0.10978472099538146
Docooler HXSJ V100,45.9,"Healthcare, Artist",0.10885091992024833
Motospeed GK81 (Custom Blue),62.9,Lawyer,0.1517552936425813
Motospeed K96 Grey (Zeus Optical),38.99,Homemaker,0.09141155389546475
Lenovo Legion K500 RGB,115.9,"Healthcare, Marketing",0.2855159881886783
Havit KB-78162,12.9,"Healthcare, Homemaker",0.025565959165131363
Havit G400V,14.89,"Executive, Lawyer",0.03058829467733387
Esperanza Shadow Green,7.23,Artist,0.011256088635388538
Motospeed CK80 Silver (Custom Gold),49.0,Entertainment,0.11667465865785022
Redragon Asura White,26.0,Executive,0.05862756479822325
Sbox K-15 Red,8.49,Marketing,0.014436059864220276
Corsair K95 RGB Platinum Black (Cherry MX Speed),198.0,"Executive, Lawyer",0.49271887540065107
Gembird KB-UML3-01-W,9.15,"Homemaker, Executive",0.016101759079322618
Motospeed CK80 (Custom Silver),58.9,Engineer,0.1416601468843853
Sades K13 Sickle (Kailh Blue),39.9,"Engineer, Executive",0.09370819978295433
Logitech G915 TKL (GL Linear),229.0,"Lawyer, Healthcare",0.5709562627766701
Logitech G915 TKL (GL Clicky),229.0,Entertainment,0.5709562627766701
Turbo-X Nemesis N60 (Custom Blue),49.9,Healthcare,0.11894606667844432
Glorious PC Gaming Race The GMMK TKL (Gateron Brown),129.99,Entertainment,0.3210761426444237
Gamesir VX2 AimSwitch (Custom Red),149.9,"Healthcare, Entertainment",0.3713247356333442
Motospeed GK89 (Outemu Blue),53.61,Doctor,0.1283093152966711
Active Jet K-6002,26.23,Engineer,0.05920803573681952
Turbo-X Sirin II,29.9,"Executive, Entertainment",0.06847033288746435
Aula F2058 (Black Switch),40.0,"Engineer, Entertainment",0.09396057845190924
R-Horse FC-723,22.89,Homemaker,0.05077858819372587
Motospeed K11 Green,26.23,Artist,0.05920803573681952
Motospeed K95 (Outemu Red),29.79,Doctor,0.06819271635161396
Aula F2058 (Blue Switch),40.0,"Engineer, Marketing",0.09396057845190924
Aula S2016 (Blue Switch) Silver,35.0,"Doctor, Artist",0.08134164500416424
QPAD MK40,59.9,"Artist, Lawyer",0.1441839335739343
Blow KP-105,11.9,"Executive, Entertainment",0.023042172475582365
Zeroground K33,19.79,"Entertainment, Doctor",0.04295484945612397
CoolerMaster CK350 (Outemu Red),67.22,Entertainment,0.162658052141433
Motospeed K95 (Outemu Black),29.79,"Healthcare, Homemaker",0.06819271635161396
Esperanza Tirions Blue,6.02,Entertainment,0.008202306741034246
Logitech G815 Lightsync RGB (GL Linear),213.3,Lawyer,0.5313328117507508
QPAD MK95 Pro,199.0,"Marketing, Healthcare",0.49524266209020007
MSI Vigor GK60,77.99,"Healthcare, Doctor",0.1898392347878757
Esperanza Vortex,26.67,Marketing,0.06031850188022109
Corsair K70 RGB MK.2 SE White (Cherry MX Speed),225.0,Homemaker,0.5608611160184741
Trust GXT 285 Advanced,39.8,"Executive, Entertainment",0.09345582111399943
Tracer Ofis,5.26,"Marketing, Doctor",0.006284228856977008
Defender SM-950,13.9,Homemaker,0.028089745854680364
Marvo KG914,35.5,"Marketing, Lawyer",0.08260353834893873
Havit KB473L,99.0,"Executive, Marketing",0.24286399313530022
Razer Huntsman Gears 5 Edition (Razer Clicky),119.0,"Homemaker, Engineer",0.2933397269262802
Aula Moon Slasher,20.39,"Entertainment, Marketing",0.04446912146985337
Krom Kuma,76.1,"Homemaker, Lawyer",0.1850692779446281
Esperanza Kestrel,12.99,"Doctor, Homemaker",0.025793099967190772
Motospeed CK88 (Outemu Red),79.47,"Entertainment, Executive",0.19357443908840824
Das KeyBoard 4 Ultimate (Cherry MX Blue),165.0,Doctor,0.40943391464553414
Patriot Viper V765,90.57,Executive,0.22158847134240212
CoolerMaster MasterKeys Pro L RGB (Cherry MX Brown),159.8,Healthcare,0.39631022385987935
Motospeed CK700 Pink (Zeus Optical),54.64,"Engineer, Artist",0.1309088155869066
Omega Varr RGB VMK88B,39.9,Engineer,0.09370819978295433
Razer Blackwidow Chroma Tournament Edition v2 (Yellow Switches),139.0,Homemaker,0.34381546071726016
iMice AN-300,14.0,"Entertainment, Healthcare",0.028342124523635263
Roccat Vulcan 80,155.0,"Healthcare, Marketing",0.3841960477500441
Blow V3,24.9,Marketing,0.05585139943971935
Razer Huntsman Mercury,219.99,Engineer,0.5482169447038336
Sbox K-15 Blue,8.49,Executive,0.014436059864220276
Motospeed K96 White (Outemu Red),50.83,Marketing,0.1212931882997249
Omega VARR Neon,64.9,Homemaker,0.15680286702167934
Geeklin Mechanical Gaming Keyboard,78.86,Artist,0.19203492920778337
Logitech G512 (GX Brown),119.9,"Artist, Healthcare",0.2956111349468743
Xtrike Me CM-400,32.0,Healthcare,0.07377028493551725
HyperX Alloy Elite RGB (Cherry MX Blue),124.84,Homemaker,0.30807864119324635
Yenkee Ambush Gaming Set,54.5,Homemaker,0.1305554854503697
Corsair K95 RGB Platinum XT,272.0,Healthcare,0.679479090427277
Sandberg RageStorm Mech,44.6,Doctor,0.10556999722383463
Riotoro Ghostwriter Elite (Cherry MX Brown),150.0,Lawyer,0.3715771143022991
Logitech G512 (GX Red),119.9,Artist,0.2956111349468743
Das KeyBoard Wired Prime 13,142.85,"Artist, Lawyer",0.3535320394720238
CoolerMaster SK630,124.91,Artist,0.30825530626151476
Gembird KBS-WMG-01,20.6,Executive,0.04499911667465866
Modecom Volcano Hammer RGB (Outemu Red),23.0,Doctor,0.051056204729576254
Tracer Gamezone Lightray,10.52,"Engineer, Healthcare",0.019559346844004743
Remax XII-J566,47.4,Lawyer,0.11263659995457183
Genius Scorpion K220,20.0,Entertainment,0.04348484466092926
Motospeed K96 Black (MS Brown Switches),49.85,Engineer,0.11881987734396687
Gamdias Ares P1,28.99,Artist,0.06617368699997475
Tronsmart TK09R RGB,69.01,"Lawyer, Engineer",0.16717563031572574
Natec Cobalt 300,55.0,"Lawyer, Homemaker",0.1318173787951442
Redragon S108,55.0,"Doctor, Engineer",0.1318173787951442
White Shark Gladiator,17.6,Artist,0.037427756606011664
Motospeed CK88 (Outemu Blue),58.7,Entertainment,0.14115538954647552
Marvo K636,14.88,"Executive, Homemaker",0.030563056810438385
SteelSeries Apex 7 TKL (Steelseries Blue),189.0,"Engineer, Homemaker",0.4700047951947101
Gembird KBS-UMG-01,15.7,Healthcare,0.03263256189586856
CoolerMaster CK350 (Outemu Blue),64.44,Marketing,0.15564192514448677
Adata XPG Summoner (Cherry MX Red),92.06,"Entertainment, Homemaker",0.22534891350983016
MSI Vigor GK30 Combo,67.89,Artist,0.16434898922343083
Dell Alienware Advanced Gaming Keyboard AW568,65.0,Doctor,0.1570552456906342
ADX ADXCOM19,39.99,"Homemaker, Marketing",0.09393534058501375
Logitech G513 (GX Brown),181.0,Entertainment,0.4498145016783181
Adata XPG Summoner (Cherry MX Blue),93.69,Healthcare,0.229462685813795
Weibo Dark Hero WB-100,13.99,"Healthcare, Executive",0.028316886656739773
Gamdias Poseidon E1,27.9,Lawyer,0.06342275950836634
Esperanza Tirions Red,5.95,Engineer,0.008025641672765817
Thermaltake Level 20 RGB (Cherry MX Blue),124.25,Executive,0.3065896070464124
Armaggeddon MKA-9C Psychraptor (Kailh Brown),82.0,Homemaker,0.19995961941296722
FanTech K10,10.7,Homemaker,0.020013628448123565
Gigabyte Force K81,49.9,Doctor,0.11894606667844432
Redragon K565R Rudra,43.0,Marketing,0.10153193852055623
Motospeed CK94,59.26,"Executive, Doctor",0.14256871009262295
A4Tech B760,47.5,"Lawyer, Entertainment",0.11288897862352673
Corsair K95 RGB Platinum Gunmetal (Cherry MX Brown),269.0,"Lawyer, Homemaker",0.67190773035863
Motospeed K96 White (Outemu Blue),39.9,Homemaker,0.09370819978295433
Motospeed CK89 Pink (Kaili Box White),70.24,Homemaker,0.17027988794387097
Xtrike Me KB-705 White,17.9,"Executive, Doctor",0.03818489261287636
Das KeyBoard 4 Ultimate,153.39,Doctor,0.3801327511798702
Esperanza Seaker Black/Green,7.5,Doctor,0.011937511041566767
Rebeltec BigFONT,18.99,Engineer,0.040935820104484766
Dragon War Desert Eagle,19.9,"Artist, Lawyer",0.043232465991974355
Omega Varr Fighter 2,44.75,Entertainment,0.10594856522726698
Xtrike Me KB-302,9.99,Artist,0.018221739898543775
Mobilis Keywin Ak47,26.9,Executive,0.06089897281881735
Wesdar MK4,13.9,"Engineer, Marketing",0.028089745854680364
Redragon Rahu,69.0,Healthcare,0.16715039244883023
Sades BNDL-0004,183.47,Homemaker,0.4560482548015041
Sandberg FireStorm Mech,70.7,"Homemaker, Lawyer",0.17144082982106354
Dragon War GKM-001,52.09,Entertainment,0.12447315952855664
Thermaltake Level 20 RGB (Cherry MX Speed),126.79,Entertainment,0.3130000252378669
Genius K20,31.1,Entertainment,0.07149887691492315
FanTech MVP-861 Commander,68.2,"Executive, Homemaker",0.16513136309719104
Sandberg Gaming Starter Kit Nordic,49.9,"Homemaker, Engineer",0.11894606667844432
Sandberg IronStorm 640-15,36.0,Lawyer,0.08386543169371323
Logitech G915 Lightspeed (GL Tactile),241.28,Entertainment,0.6019483633243318
Asus TUF Gaming K7,129.0,Healthcare,0.3185775938217702
AS-808 E-SPORTS,50.0,Doctor,0.11919844534739922
A4Tech B180 RGB,31.5,Marketing,0.07250839159074275
Aerocool TK15,12.34,Lawyer,0.024152638618983924
Thermaltake Meka Pro Lite,85.9,Entertainment,0.20980238750220834
Tracer Gamezone Hellway X,23.5,Executive,0.052318098074350755
Thermaltake Neptune PRO,70.92,"Lawyer, Engineer",0.1719960628927643
Genesis Thor 300 (Outemu Red),31.89,Engineer,0.07349266839966687
Lenovo Legion K200,31.91,"Homemaker, Artist",0.07354314413345783
Das KeyBoard 4 Professional for Mac (Cherry MX Blue),149.68,Artist,0.3707695025616435
Asus ROG Strix Scope,182.29,"Doctor, Artist",0.4530701865078363
Marvo Combo KM400 & G1,28.52,"Artist, Engineer",0.06498750725588673
Sandberg Gaming Starter Kit,72.99,"Doctor, Artist",0.17722030134013073
Esperanza Shelter,21.9,"Executive, Entertainment",0.04828003937107235
Nedis GKBD200BKUS,33.9,Marketing,0.07856547964566034
Keep Out F115,89.9,"Lawyer, Homemaker",0.21989753426040431
Xtrike Me GK-901,33.0,"Marketing, Artist",0.07629407162506625
Fury Hurricane Tkl Rainbow,11.87,Doctor,0.02296645887489589
Yenkee Hornet,39.9,"Artist, Entertainment",0.09370819978295433
Roccat Ryos TKL Pro,159.2,Lawyer,0.3947959518461499
Gamdias Hermes E2,39.0,Artist,0.09143679176236023
Nacon CL-700OM,64.9,Entertainment,0.15680286702167934
Gamdias Ares M1,24.9,Homemaker,0.05585139943971935
Tracer Battle Heroes Shinook X,14.85,Healthcare,0.03048734320975191
Redragon Kama K578,48.99,Engineer,0.11664942079095474
Thermaltake Challenger Combo,38.8,Doctor,0.09093203442445043
Redragon Mitra K551,55.0,Executive,0.1318173787951442
Redragon Manyu K579RGB,56.0,"Marketing, Executive",0.13434116548469321
Natec RX85,69.99,Engineer,0.16964894127148372
Tacens MKHA0 Black,6.2,Entertainment,0.008656588345153067
Redragon Partryusa K570,56.33,Executive,0.1351740150922444
Patriot Viper V765 (Kailh Box White),116.51,Engineer,0.2870554980693032
Genesis Thor 300 (Outemu Blue),47.0,"Doctor, Lawyer",0.11162708527875223
Spirit of Gamer Spirit Gamer PRO-K3,19.9,"Healthcare, Executive",0.043232465991974355
Acer Nitro,45.0,"Artist, Engineer",0.10657951189965423
Genesis RHOD 600 RGB,40.8,Executive,0.09597960780354843
Redragon K553-RGB,59.99,Healthcare,0.14441107437599374
A4Tech B130,23.5,"Lawyer, Artist",0.052318098074350755
Thermaltake Challenger Edge Pro,57.8,Artist,0.1388839815258814
Rebeltec Imperator,49.0,"Doctor, Executive",0.11667465865785022
Rebeltec Discovery,14.49,Homemaker,0.029578780001514274
Weibo WB-710,27.8,"Engineer, Healthcare",0.06317038083941146
Mobilis KW18,20.0,Lawyer,0.04348484466092926
Hori Tactical Assault Commander Pro,179.95,"Executive, Entertainment",0.4471645256542916
Armaggeddon MKA-7C Psychfalcon,64.5,Lawyer,0.15579335234585973
Motospeed K95 (Outemu Brown),29.79,"Lawyer, Doctor",0.06819271635161396
Genesis R33,19.9,Lawyer,0.043232465991974355
Rebeltec Defender,17.79,"Homemaker, Artist",0.037907276077025966
Xtrike Me MK-501KIT,17.5,Engineer,0.03717537793705676
FanTech Fighter K611L,23.8,"Entertainment, Marketing",0.05307523408121546
Rebeltec Liberator,37.4,Entertainment,0.08739873305908183
Das KeyBoard X50Q,138.78,"Homemaker, Lawyer",0.34326022764555936
Trust GXT 888 Assa Single Handed,55.0,"Homemaker, Entertainment",0.1318173787951442
Acer Predator Aethon 500,169.0,"Artist, Entertainment",0.4195290614037301
Cougar Attack X3 RGB,113.0,"Homemaker, Marketing",0.2781970067889862
NGS GKX-300,21.9,"Artist, Lawyer",0.04828003937107235
Tracer Oxin,16.8,"Engineer, Marketing",0.03540872725437246
Redragon Combo Vajra & Centrophorus,27.5,Marketing,0.06241324483254675
Sharkoon Skiller Pro,34.8,Executive,0.08083688766625442
Gembird KB-UMGL-01,15.5,Executive,0.03212780455795876
Sharkoon PureWriter TKL RGB (Kailh Red),69.99,Healthcare,0.16964894127148372
Gembird GGS-UMG4-01,40.0,"Artist, Doctor",0.09396057845190924
Corsair K68,169.9,Executive,0.4218004694243242
Rebeltec Warrior,7.0,"Healthcare, Lawyer",0.010675617696792268
FanTech Zexter K610,24.8,Entertainment,0.05559902077076446
Genius Scorpion K10,31.72,Healthcare,0.07306362466244352
Roccat Horde,89.8,"Marketing, Lawyer",0.2196451555914494
Roccat Horde Aimo Black,96.8,Healthcare,0.2373116624182924
Aula Adjudication Expert,9.99,"Executive, Engineer",0.018221739898543775
Aula Mechanical Demon King,68.08,Marketing,0.16482850869444515
Roccat Isku+ Illuminated,38.0,Artist,0.08891300507281123
FanTech Outlaw K12,23.5,Doctor,0.052318098074350755
Zornwee ZE-9800,8.99,Engineer,0.015697953208994777
HAMA uRage Exodus Macro,22.9,Engineer,0.05080382606062135
Genesis Rhod 400,22.45,Artist,0.0496681220503243
Ravcore Blade,54.9,Marketing,0.13156500012618932
HAMA Urage Exodus 2,23.9,Lawyer,0.05332761275017035
SteelSeries APEX 300,86.7,Healthcare,0.21182141685384753
Rebeltec Legend,17.0,"Lawyer, Homemaker",0.03591348459228226
Asus Cerberus Mech RGB,129.0,"Healthcare, Marketing",0.3185775938217702
Trust Ziva,21.9,Homemaker,0.04828003937107235
Riotoro Ghostwriter Prism,115.0,"Homemaker, Lawyer",0.2832445801680842
Riotoro Ghostwriter Classic,60.0,Homemaker,0.14443631224288922
Redragon Hara,60.0,"Executive, Lawyer",0.14443631224288922
Spirit of Gamer Xpert K100,38.8,Doctor,0.09093203442445043
Powertech PT-183,13.5,"Engineer, Entertainment",0.027080231178860763
Roccat Ryos MK Pro,189.6,"Homemaker, Executive",0.4715190672084395
Gigabyte Force K85,92.65,Healthcare,0.22683794765666407
Zornwee V6,26.99,"Entertainment, Executive",0.061126113620876756
Weibo WB-538,23.88,Executive,0.05327713701637937
Iogear Kaliber Hver,59.0,"Entertainment, Marketing",0.14191252555334022
FanTech K710,48.0,Homemaker,0.11415087196830123
Fury Hellfire illuminated,17.4,Doctor,0.03692299926810186
Media-Tech Cobra Pro Inferno,55.0,Engineer,0.1318173787951442
Thermaltake ESPORTS Challenger Edge RGB,57.5,"Entertainment, Marketing",0.13812684551901672
Tracer Hellway,27.9,Homemaker,0.06342275950836634
Ravcore Valravn,36.0,Doctor,0.08386543169371323
Zornwee X6 Soldier,8.4,Homemaker,0.014208919062160867
Roccat Skeltr,106.56,"Entertainment, Marketing",0.2619438205082906
SpeedLink Ferus,15.9,Homemaker,0.03313731923377836
Keep Out F89PTE,27.6,"Artist, Entertainment",0.06266562350150165
Trust GXT 830,25.4,Lawyer,0.05711329278449385
Redragon Indrah Black,99.0,"Healthcare, Doctor",0.24286399313530022
Redragon K506,28.8,Engineer,0.06569416752896046
Sandberg Thunderstorm 640-02,49.9,"Homemaker, Entertainment",0.11894606667844432
Armaggeddon MKA-9C Psychraptor (Kaily Red),82.0,Engineer,0.19995961941296722
Media-Tech Cobra Pro MT1251,13.4,Artist,0.026827852509905863
Weibo FC-719,9.49,Marketing,0.016959846553769278
Aula Be Fire,23.5,Executive,0.052318098074350755
Xtrike Me KB-301,7.99,"Lawyer, Doctor",0.013174166519445777
Zalman ZM-K600S,30.5,"Executive, Doctor",0.06998460490119375
Zalman ZM-K700M,113.9,"Entertainment, Executive",0.2804684148095803
FanTech KR-6300,20.0,Healthcare,0.04348484466092926
E-More HK3800,14.83,"Doctor, Healthcare",0.030436867475960933
Ravcore Hybrid,34.5,Engineer,0.08007975165938974
Azio MGK1,99.0,"Marketing, Entertainment",0.24286399313530022
Roccat Vulcan 122 AIMO White,187.9,"Entertainment, Marketing",0.4672286298362062
Genesis RX11,19.99,Entertainment,0.04345960679403376
Turtle Beach Impact 100,65.5,Engineer,0.1583171390354087
Magic m100,35.8,Lawyer,0.08336067435580342
Keep Out F80,48.8,"Engineer, Artist",0.11616990131994041
Approx Bolt,16.0,"Engineer, Entertainment",0.03338969790273326
Keep Out F89CH,30.9,"Marketing, Doctor",0.07099411957701335
Tracer Enduro,18.0,"Artist, Engineer",0.03843727128183126
SteelSeries Apex Raw,82.0,Executive,0.19995961941296722
Roccat Isku FX,66.82,Engineer,0.1616485374656134
Perixx PX-1200,73.34,Entertainment,0.1781036266814729
Armaggeddon AK-700,35.0,Entertainment,0.08134164500416424
ZYG-900,15.7,Doctor,0.03263256189586856
Sharkoon Shark Zone MK80,83.01,"Healthcare, Homemaker",0.2025086439694117
R-Horse FC-720,39.9,"Entertainment, Executive",0.09370819978295433
Sumvision Kane PRO LED,37.21,"Executive, Artist",0.08691921358806752
Trust GXT 280,15.9,"Engineer, Executive",0.03313731923377836
Approx Blizzard,26.6,Lawyer,0.060141836811952655
Keep Out F89PRO,47.7,Executive,0.11339373596143654
Mars Gaming MK1,5.46,Artist,0.0067889861948868075
Approx Appblizzard,22.51,Executive,0.04981954925169725
Roccat Isku,149.0,"Artist, Marketing",0.3690533276127501
Aula Gaming Combo Set,50.37,"Lawyer, Doctor",0.12013224642253235
SpeedLink Parthica Core,42.4,Artist,0.10001766650682682
Sumvision Nemesis Stryder,32.74,Healthcare,0.0756378870857835
Keep Out F90,38.9,"Lawyer, Artist",0.09118441309340533
Perixx PX-1100,87.42,Doctor,0.2136385432703228
Media-Tech Cobra Pro Multimedia,16.99,Healthcare,0.03588824672538676
SpeedLink Rapax,27.5,Marketing,0.06241324483254675
Omega Varr VK-1,15.0,"Homemaker, Entertainment",0.03086591121318426
A4Tech Bloody & Sades Gaming set,156.07,Lawyer,0.38689649950786154
Esperanza TK105,6.8,Entertainment,0.010170860358882466
Keep Out F90E Gaming USB,39.9,"Homemaker, Executive",0.09370819978295433
Gigabyte K8100,75.0,"Marketing, Doctor",0.1822931125861242
Approx Quasar,29.0,"Engineer, Homemaker",0.06619892486687025
A4Tech X7 G100,17.0,"Engineer, Homemaker",0.03591348459228226
